Sentence #,Word,POS,Agila_DB_tag
1,Read,VERB,
1,-,PUNCT,
1,only,ADV,
1,memory,NOUN,
1,(,PUNCT,
1,ROM,PROPN,
1,),PUNCT,
1,is,AUX,
1,a,DET,
1,type,NOUN,
1,of,ADP,
1,non,ADJ,
1,-,ADJ,
1,volatile,ADJ,
1,memory,NOUN,
1,used,VERB,
1,in,ADP,
1,computers,NOUN,
1,and,CCONJ,
1,other,ADJ,
1,electronic,ADJ,
1,devices,NOUN,
1,.,PUNCT,
2,Data,NOUN,
2,stored,VERB,
2,in,ADP,
2,ROM,NOUN,
2,can,AUX,
2,not,PART,
2,be,AUX,
2,electronically,ADV,
2,modified,VERB,
2,after,ADP,
2,the,DET,
2,manufacture,NOUN,
2,of,ADP,
2,the,DET,
2,memory,NOUN,
2,device,NOUN,
2,.,PUNCT,
3,Read,VERB,
3,-,PUNCT,
3,only,ADV,
3,memory,NOUN,
3,is,AUX,
3,useful,ADJ,
3,for,ADP,
3,storing,VERB,
3,software,NOUN,
3,that,PRON,
3,is,AUX,
3,rarely,ADV,
3,changed,VERB,
3,during,ADP,
3,the,DET,
3,life,NOUN,
3,of,ADP,
3,the,DET,
3,system,NOUN,
3,",",PUNCT,
3,also,ADV,
3,known,VERB,
3,as,ADP,
3,firmware,NOUN,
3,.,PUNCT,
4,Software,NOUN,
4,applications,NOUN,
4,(,PUNCT,
4,like,ADP,
4,video,NOUN,
4,games,NOUN,
4,),PUNCT,
4,for,ADP,
4,programmable,ADJ,
4,devices,NOUN,
4,can,AUX,
4,be,AUX,
4,distributed,VERB,
4,as,ADP,
4,plug,NOUN,
4,-,PUNCT,
4,in,ADP,
4,cartridges,NOUN,
4,containing,VERB,
4,ROM,NOUN,
4,.,PUNCT,
5,Strictly,ADV,
5,speaking,VERB,
5,",",PUNCT,
5,read,NOUN,
5,-,PUNCT,
5,only,ADV,
5,memory,NOUN,
5,refers,VERB,
5,to,ADP,
5,memory,NOUN,
5,that,PRON,
5,is,AUX,
5,hard,ADV,
5,-,PUNCT,
5,wired,VERB,
5,",",PUNCT,
5,such,ADJ,
5,as,ADP,
5,diode,NOUN,
5,matrix,NOUN,
5,or,CCONJ,
5,a,DET,
5,mask,NOUN,
5,ROM,NOUN,
5,integrated,VERB,
5,circuit,NOUN,
5,(,PUNCT,
5,IC,PROPN,
5,),PUNCT,
5,",",PUNCT,
5,which,PRON,
5,can,AUX,
5,not,PART,
5,be,AUX,
5,electronically,ADV,
5,changed,VERB,
5,after,ADP,
5,manufacture,NOUN,
5,.,PUNCT,
6,Although,SCONJ,
6,discrete,ADJ,
6,circuits,NOUN,
6,can,AUX,
6,be,AUX,
6,altered,VERB,
6,in,ADP,
6,principle,NOUN,
6,",",PUNCT,
6,through,ADP,
6,the,DET,
6,addition,NOUN,
6,of,ADP,
6,bodge,NOUN,
6,wires,NOUN,
6,and/or,CCONJ,
6,the,DET,
6,removal,NOUN,
6,or,CCONJ,
6,replacement,NOUN,
6,of,ADP,
6,components,NOUN,
6,",",PUNCT,
6,ICs,NOUN,
6,can,AUX,
6,not,PART,
6,.,PUNCT,
7,Correction,NOUN,
7,of,ADP,
7,errors,NOUN,
7,",",PUNCT,
7,or,CCONJ,
7,updates,VERB,
7,to,ADP,
7,the,DET,
7,software,NOUN,
7,",",PUNCT,
7,require,VERB,
7,new,ADJ,
7,devices,NOUN,
7,to,PART,
7,be,AUX,
7,manufactured,VERB,
7,and,CCONJ,
7,to,PART,
7,replace,VERB,
7,the,DET,
7,installed,VERB,
7,device,NOUN,
7,.,PUNCT,
8,Floating,VERB,
8,-,PUNCT,
8,gate,NOUN,
8,ROM,NOUN,
8,semiconductor,NOUN,
8,memory,NOUN,
8,in,ADP,
8,the,DET,
8,form,NOUN,
8,of,ADP,
8,erasable,ADJ,
8,programmable,ADJ,
8,read,VERB,
8,-,PUNCT,
8,only,ADV,
8,memory,NOUN,
8,(,PUNCT,
8,EPROM,PROPN,
8,),PUNCT,
8,",",PUNCT,
8,electrically,ADV,
8,erasable,ADJ,
8,programmable,ADJ,
8,read,NOUN,
8,-,PUNCT,
8,only,ADV,
8,memory,NOUN,
8,(,PUNCT,
8,EEPROM,NOUN,
8,),PUNCT,
8,and,CCONJ,
8,flash,NOUN,
8,memory,NOUN,
8,can,AUX,
8,be,AUX,
8,erased,VERB,
8,and,CCONJ,
8,re,VERB,
8,-,VERB,
8,programmed,ADJ,
8,.,PUNCT,
9,But,CCONJ,
9,usually,ADV,
9,",",PUNCT,
9,this,PRON,
9,can,AUX,
9,only,ADV,
9,be,AUX,
9,done,VERB,
9,at,ADP,
9,relatively,ADV,
9,slow,ADJ,
9,speeds,NOUN,
9,",",PUNCT,
9,may,AUX,
9,require,VERB,
9,special,ADJ,
9,equipment,NOUN,
9,to,PART,
9,achieve,VERB,
9,",",PUNCT,
9,and,CCONJ,
9,is,AUX,
9,typically,ADV,
9,only,ADV,
9,possible,ADJ,
9,a,DET,
9,certain,ADJ,
9,number,NOUN,
9,of,ADP,
9,times,NOUN,
9,.,PUNCT,
9,The,DET,
9,term,NOUN,
9,"""",PUNCT,
9,ROM,NOUN,
9,"""",PUNCT,
9,is,AUX,
9,sometimes,ADV,
9,used,VERB,
9,to,PART,
9,mean,VERB,
9,a,DET,
9,ROM,NOUN,
9,device,NOUN,
9,containing,VERB,
9,specific,ADJ,
9,software,NOUN,
9,",",PUNCT,
9,or,CCONJ,
9,a,DET,
9,file,NOUN,
9,with,ADP,
9,software,NOUN,
9,to,PART,
9,be,AUX,
9,stored,VERB,
9,in,ADP,
9,EEPROM,NOUN,
9,or,CCONJ,
9,Flash,PROPN,
9,Memory,PROPN,
9,.,PUNCT,
10,For,ADP,
10,example,NOUN,
10,",",PUNCT,
10,users,NOUN,
10,modifying,VERB,
10,or,CCONJ,
10,replacing,VERB,
10,the,DET,
10,Android,PROPN,
10,operating,VERB,
10,system,NOUN,
10,describe,VERB,
10,files,NOUN,
10,containing,VERB,
10,a,DET,
10,modified,ADJ,
10,or,CCONJ,
10,replacement,NOUN,
10,operating,NOUN,
10,system,NOUN,
10,as,ADP,
10,"""",PUNCT,
10,custom,NOUN,
10,ROMs,NOUN,
10,"""",PUNCT,
10,after,ADP,
10,the,DET,
10,type,NOUN,
10,of,ADP,
10,storage,NOUN,
10,the,DET,
10,file,NOUN,
10,used,VERB,
10,to,PART,
10,be,AUX,
10,written,VERB,
10,to,ADP,
10,.,PUNCT,
11,=,PUNCT,
11,=,PUNCT,
11,History,NOUN,
11,=,PUNCT,
11,=,PUNCT,
11,"


",SPACE,
11,=,PUNCT,
11,=,PUNCT,
11,=,PUNCT,
11,Discrete,ADJ,
11,-,PUNCT,
11,component,NOUN,
11,ROM,NOUN,
11,=,PUNCT,
11,=,PUNCT,
11,=,PUNCT,
11,"
",SPACE,
11,IBM,PROPN,
11,used,VERB,
11,capacitor,NOUN,
11,read,NOUN,
11,-,PUNCT,
11,only,ADV,
11,storage,NOUN,
11,(,PUNCT,
11,CROS,PROPN,
11,),PUNCT,
11,and,CCONJ,
11,transformer,NOUN,
11,read,VERB,
11,-,PUNCT,
11,only,ADV,
11,storage,NOUN,
11,(,PUNCT,
11,TROS,PROPN,
11,),PUNCT,
11,to,PART,
11,store,VERB,
11,microcode,NOUN,
11,for,ADP,
11,the,DET,
11,smaller,ADJ,
11,System/360,ADJ,
11,models,NOUN,
11,",",PUNCT,
11,the,DET,
11,360/85,NUM,
11,",",PUNCT,
11,and,CCONJ,
11,the,DET,
11,initial,ADJ,
11,two,NUM,
11,System/370,PROPN,
11,models,NOUN,
11,(,PUNCT,
11,370/155,PROPN,
11,and,CCONJ,
11,370/165,PROPN,
11,),PUNCT,
11,.,PUNCT,
12,On,ADP,
12,some,DET,
12,models,NOUN,
12,there,PRON,
12,was,VERB,
12,also,ADV,
12,a,DET,
12,writeable,ADJ,
12,control,NOUN,
12,store,NOUN,
12,(,PUNCT,
12,WCS,PROPN,
12,),PUNCT,
12,for,ADP,
12,additional,ADJ,
12,diagnostics,NOUN,
12,and,CCONJ,
12,emulation,NOUN,
12,support,NOUN,
12,.,PUNCT,
13,The,DET,
13,Apollo,PROPN,
13,Guidance,PROPN,
13,Computer,PROPN,
13,used,VERB,
13,core,NOUN,
13,rope,NOUN,
13,memory,NOUN,
13,",",PUNCT,
13,programmed,VERB,
13,by,ADP,
13,threading,VERB,
13,wires,NOUN,
13,through,ADP,
13,magnetic,ADJ,
13,cores,NOUN,
13,.,PUNCT,
14,=,PUNCT,
14,=,PUNCT,
14,=,PUNCT,
14,Solid,ADJ,
14,-,PUNCT,
14,state,NOUN,
14,ROM,NOUN,
14,=,PUNCT,
14,=,PUNCT,
14,=,PUNCT,
14,"

",SPACE,
14,The,DET,
14,simplest,ADJ,
14,type,NOUN,
14,of,ADP,
14,solid,ADJ,
14,-,PUNCT,
14,state,NOUN,
14,ROM,NOUN,
14,is,AUX,
14,as,ADV,
14,old,ADJ,
14,as,ADP,
14,the,DET,
14,semiconductor,NOUN,
14,technology,NOUN,
14,itself,PRON,
14,.,PUNCT,
15,Combinational,ADJ,
15,logic,NOUN,
15,gates,NOUN,
15,can,AUX,
15,be,AUX,
15,joined,VERB,
15,manually,ADV,
15,to,PART,
15,map,VERB,
15,n,ADJ,
15,-,PUNCT,
15,bit,NOUN,
15,address,NOUN,
15,input,NOUN,
15,onto,ADP,
15,arbitrary,ADJ,
15,values,NOUN,
15,of,ADP,
15,m,NUM,
15,-,PUNCT,
15,bit,NOUN,
15,data,NOUN,
15,output,NOUN,
15,(,PUNCT,
15,a,DET,
15,look,VERB,
15,-,PUNCT,
15,up,ADP,
15,table,NOUN,
15,),PUNCT,
15,.,PUNCT,
16,With,ADP,
16,the,DET,
16,invention,NOUN,
16,of,ADP,
16,the,DET,
16,integrated,VERB,
16,circuit,NOUN,
16,came,VERB,
16,mask,NOUN,
16,ROM,PROPN,
16,.,PUNCT,
17,Mask,PROPN,
17,ROM,NOUN,
17,consists,VERB,
17,of,ADP,
17,a,DET,
17,grid,NOUN,
17,of,ADP,
17,word,NOUN,
17,lines,NOUN,
17,(,PUNCT,
17,the,DET,
17,address,NOUN,
17,input,ADV,
17,),PUNCT,
17,and,CCONJ,
17,bit,NOUN,
17,lines,NOUN,
17,(,PUNCT,
17,the,DET,
17,data,NOUN,
17,output,NOUN,
17,),PUNCT,
17,",",PUNCT,
17,selectively,ADV,
17,joined,VERB,
17,together,ADV,
17,with,ADP,
17,transistor,NOUN,
17,switches,NOUN,
17,",",PUNCT,
17,and,CCONJ,
17,can,AUX,
17,represent,VERB,
17,an,DET,
17,arbitrary,ADJ,
17,look,NOUN,
17,-,PUNCT,
17,up,ADP,
17,table,NOUN,
17,with,ADP,
17,a,DET,
17,regular,ADJ,
17,physical,ADJ,
17,layout,NOUN,
17,and,CCONJ,
17,predictable,ADJ,
17,propagation,NOUN,
17,delay,NOUN,
17,.,PUNCT,
18,In,ADP,
18,mask,NOUN,
18,ROM,PROPN,
18,",",PUNCT,
18,the,DET,
18,data,NOUN,
18,is,AUX,
18,physically,ADV,
18,encoded,VERB,
18,in,ADP,
18,the,DET,
18,circuit,NOUN,
18,",",PUNCT,
18,so,SCONJ,
18,it,PRON,
18,can,AUX,
18,only,ADV,
18,be,AUX,
18,programmed,VERB,
18,during,ADP,
18,fabrication,NOUN,
18,.,PUNCT,
19,This,PRON,
19,leads,VERB,
19,to,ADP,
19,a,DET,
19,number,NOUN,
19,of,ADP,
19,serious,ADJ,
19,disadvantages,NOUN,
19,:,PUNCT,
19,"

",SPACE,
19,It,PRON,
19,is,AUX,
19,only,ADV,
19,economical,ADJ,
19,to,PART,
19,buy,VERB,
19,mask,NOUN,
19,ROM,NOUN,
19,in,ADP,
19,large,ADJ,
19,quantities,NOUN,
19,",",PUNCT,
19,since,SCONJ,
19,users,NOUN,
19,must,AUX,
19,contract,VERB,
19,with,ADP,
19,a,DET,
19,foundry,NOUN,
19,to,PART,
19,produce,VERB,
19,a,DET,
19,custom,NOUN,
19,design,NOUN,
19,.,PUNCT,
20,The,DET,
20,turnaround,NOUN,
20,time,NOUN,
20,between,ADP,
20,completing,VERB,
20,the,DET,
20,design,NOUN,
20,for,ADP,
20,a,DET,
20,mask,NOUN,
20,ROM,NOUN,
20,and,CCONJ,
20,receiving,VERB,
20,the,DET,
20,finished,ADJ,
20,product,NOUN,
20,is,AUX,
20,long,ADJ,
20,",",PUNCT,
20,for,ADP,
20,the,DET,
20,same,ADJ,
20,reason,NOUN,
20,.,PUNCT,
21,Mask,PROPN,
21,ROM,PROPN,
21,is,AUX,
21,impractical,ADJ,
21,for,ADP,
21,R&D,NOUN,
21,work,NOUN,
21,since,SCONJ,
21,designers,NOUN,
21,frequently,ADV,
21,need,VERB,
21,to,PART,
21,modify,VERB,
21,the,DET,
21,contents,NOUN,
21,of,ADP,
21,memory,NOUN,
21,as,SCONJ,
21,they,PRON,
21,refine,VERB,
21,a,DET,
21,design,NOUN,
21,.,PUNCT,
22,If,SCONJ,
22,a,DET,
22,product,NOUN,
22,is,AUX,
22,shipped,VERB,
22,with,ADP,
22,faulty,ADJ,
22,mask,NOUN,
22,ROM,PROPN,
22,",",PUNCT,
22,the,DET,
22,only,ADJ,
22,way,NOUN,
22,to,PART,
22,fix,VERB,
22,it,PRON,
22,is,AUX,
22,to,PART,
22,recall,VERB,
22,the,DET,
22,product,NOUN,
22,and,CCONJ,
22,physically,ADV,
22,replace,VERB,
22,the,DET,
22,ROM,NOUN,
22,in,ADP,
22,every,DET,
22,unit,NOUN,
22,shipped,VERB,
22,.,PUNCT,
22,Subsequent,ADJ,
22,developments,NOUN,
22,have,AUX,
22,addressed,VERB,
22,these,DET,
22,shortcomings,NOUN,
22,.,PUNCT,
23,Programmable,ADJ,
23,read,VERB,
23,-,PUNCT,
23,only,ADV,
23,memory,NOUN,
23,(,PUNCT,
23,PROM,NOUN,
23,),PUNCT,
23,",",PUNCT,
23,invented,VERB,
23,by,ADP,
23,Wen,PROPN,
23,Tsing,PROPN,
23,Chow,PROPN,
23,in,ADP,
23,1956,NUM,
23,",",PUNCT,
23,allowed,VERB,
23,users,NOUN,
23,to,PART,
23,program,VERB,
23,its,PRON,
23,contents,NOUN,
23,exactly,ADV,
23,once,ADV,
23,by,ADP,
23,physically,ADV,
23,altering,VERB,
23,its,PRON,
23,structure,NOUN,
23,with,ADP,
23,the,DET,
23,application,NOUN,
23,of,ADP,
23,high,ADJ,
23,-,PUNCT,
23,voltage,NOUN,
23,pulses,NOUN,
23,.,PUNCT,
24,This,PRON,
24,addressed,VERB,
24,problems,NOUN,
24,1,NUM,
24,and,CCONJ,
24,2,NUM,
24,above,ADP,
24,",",PUNCT,
24,since,SCONJ,
24,a,DET,
24,company,NOUN,
24,can,AUX,
24,simply,ADV,
24,order,VERB,
24,a,DET,
24,large,ADJ,
24,batch,NOUN,
24,of,ADP,
24,fresh,ADJ,
24,PROM,NOUN,
24,chips,NOUN,
24,and,CCONJ,
24,program,VERB,
24,them,PRON,
24,with,ADP,
24,the,DET,
24,desired,VERB,
24,contents,NOUN,
24,at,ADP,
24,its,PRON,
24,designers,NOUN,
24,',PART,
24,convenience,NOUN,
24,.,PUNCT,
25,The,DET,
25,advent,NOUN,
25,of,ADP,
25,the,DET,
25,metal,NOUN,
25,–,PUNCT,
25,oxide,NOUN,
25,–,PUNCT,
25,semiconductor,NOUN,
25,field,NOUN,
25,-,PUNCT,
25,effect,NOUN,
25,transistor,NOUN,
25,(,PUNCT,
25,MOSFET,PROPN,
25,),PUNCT,
25,",",PUNCT,
25,invented,VERB,
25,at,ADP,
25,Bell,PROPN,
25,Labs,PROPN,
25,in,ADP,
25,1959,NUM,
25,",",PUNCT,
25,enabled,VERB,
25,the,DET,
25,practical,ADJ,
25,use,NOUN,
25,of,ADP,
25,metal,NOUN,
25,–,PUNCT,
25,oxide,NOUN,
25,–,PUNCT,
25,semiconductor,NOUN,
25,(,PUNCT,
25,MOS,PROPN,
25,),PUNCT,
25,transistors,NOUN,
25,as,ADP,
25,memory,NOUN,
25,cell,NOUN,
25,storage,NOUN,
25,elements,NOUN,
25,in,ADP,
25,semiconductor,NOUN,
25,memory,NOUN,
25,",",PUNCT,
25,a,DET,
25,function,NOUN,
25,previously,ADV,
25,served,VERB,
25,by,ADP,
25,magnetic,ADJ,
25,cores,NOUN,
25,in,ADP,
25,computer,NOUN,
25,memory,NOUN,
25,.,PUNCT,
26,In,ADP,
26,1967,NUM,
26,",",PUNCT,
26,Dawon,PROPN,
26,Kahng,PROPN,
26,and,CCONJ,
26,Simon,PROPN,
26,Sze,PROPN,
26,of,ADP,
26,Bell,PROPN,
26,Labs,PROPN,
26,proposed,VERB,
26,that,SCONJ,
26,the,DET,
26,floating,VERB,
26,gate,NOUN,
26,of,ADP,
26,a,DET,
26,MOS,PROPN,
26,semiconductor,NOUN,
26,device,NOUN,
26,could,AUX,
26,be,AUX,
26,used,VERB,
26,for,ADP,
26,the,DET,
26,cell,NOUN,
26,of,ADP,
26,a,DET,
26,reprogrammable,ADJ,
26,ROM,NOUN,
26,",",PUNCT,
26,which,PRON,
26,led,VERB,
26,to,ADP,
26,Dov,PROPN,
26,Frohman,PROPN,
26,of,ADP,
26,Intel,PROPN,
26,inventing,VERB,
26,erasable,ADJ,
26,programmable,ADJ,
26,read,VERB,
26,-,PUNCT,
26,only,ADV,
26,memory,NOUN,
26,(,PUNCT,
26,EPROM,PROPN,
26,),PUNCT,
26,in,ADP,
26,1971,NUM,
26,.,PUNCT,
27,The,DET,
27,1971,NUM,
27,invention,NOUN,
27,of,ADP,
27,EPROM,PROPN,
27,essentially,ADV,
27,solved,VERB,
27,problem,NOUN,
27,3,NUM,
27,",",PUNCT,
27,since,SCONJ,
27,EPROM,PROPN,
27,(,PUNCT,
27,unlike,ADP,
27,PROM,NOUN,
27,),PUNCT,
27,can,AUX,
27,be,AUX,
27,repeatedly,ADV,
27,reset,VERB,
27,to,ADP,
27,its,PRON,
27,unprogrammed,ADJ,
27,state,NOUN,
27,by,ADP,
27,exposure,NOUN,
27,to,ADP,
27,strong,ADJ,
27,ultraviolet,ADJ,
27,light,NOUN,
27,.,PUNCT,
28,Electrically,ADV,
28,erasable,ADJ,
28,programmable,ADJ,
28,read,NOUN,
28,-,PUNCT,
28,only,ADV,
28,memory,NOUN,
28,(,PUNCT,
28,EEPROM,NOUN,
28,),PUNCT,
28,",",PUNCT,
28,developed,VERB,
28,by,ADP,
28,Yasuo,PROPN,
28,Tarui,PROPN,
28,",",PUNCT,
28,Yutaka,PROPN,
28,Hayashi,PROPN,
28,and,CCONJ,
28,Kiyoko,PROPN,
28,Naga,PROPN,
28,at,ADP,
28,the,DET,
28,Electrotechnical,PROPN,
28,Laboratory,PROPN,
28,in,ADP,
28,1972,NUM,
28,",",PUNCT,
28,went,VERB,
28,a,DET,
28,long,ADJ,
28,way,NOUN,
28,to,ADP,
28,solving,VERB,
28,problem,NOUN,
28,4,NUM,
28,",",PUNCT,
28,since,SCONJ,
28,an,DET,
28,EEPROM,NOUN,
28,can,AUX,
28,be,AUX,
28,programmed,VERB,
28,in,ADP,
28,-,PUNCT,
28,place,NOUN,
28,if,SCONJ,
28,the,DET,
28,containing,VERB,
28,device,NOUN,
28,provides,VERB,
28,a,DET,
28,means,NOUN,
28,to,PART,
28,receive,VERB,
28,the,DET,
28,program,NOUN,
28,contents,NOUN,
28,from,ADP,
28,an,DET,
28,external,ADJ,
28,source,NOUN,
28,(,PUNCT,
28,for,ADP,
28,example,NOUN,
28,",",PUNCT,
28,a,DET,
28,personal,ADJ,
28,computer,NOUN,
28,via,ADP,
28,a,DET,
28,serial,ADJ,
28,cable,NOUN,
28,),PUNCT,
28,.,PUNCT,
29,Flash,PROPN,
29,memory,NOUN,
29,",",PUNCT,
29,invented,VERB,
29,by,ADP,
29,Fujio,PROPN,
29,Masuoka,PROPN,
29,at,ADP,
29,Toshiba,PROPN,
29,in,ADP,
29,the,DET,
29,early,ADJ,
29,1980s,NOUN,
29,and,CCONJ,
29,commercialized,VERB,
29,in,ADP,
29,the,DET,
29,late,ADJ,
29,1980s,NOUN,
29,",",PUNCT,
29,is,AUX,
29,a,DET,
29,form,NOUN,
29,of,ADP,
29,EEPROM,NOUN,
29,that,PRON,
29,makes,VERB,
29,very,ADV,
29,efficient,ADJ,
29,use,NOUN,
29,of,ADP,
29,chip,NOUN,
29,area,NOUN,
29,and,CCONJ,
29,can,AUX,
29,be,AUX,
29,erased,VERB,
29,and,CCONJ,
29,reprogrammed,VERB,
29,thousands,NOUN,
29,of,ADP,
29,times,NOUN,
29,without,ADP,
29,damage,NOUN,
29,.,PUNCT,
30,It,PRON,
30,permits,VERB,
30,erasure,NOUN,
30,and,CCONJ,
30,programming,NOUN,
30,of,ADP,
30,only,ADV,
30,a,DET,
30,specific,ADJ,
30,part,NOUN,
30,of,ADP,
30,the,DET,
30,device,NOUN,
30,",",PUNCT,
30,instead,ADV,
30,of,ADP,
30,the,DET,
30,entire,ADJ,
30,device,NOUN,
30,.,PUNCT,
31,This,PRON,
31,can,AUX,
31,be,AUX,
31,done,VERB,
31,at,ADP,
31,high,ADJ,
31,speed,NOUN,
31,",",PUNCT,
31,hence,ADV,
31,the,DET,
31,name,NOUN,
31,"""",PUNCT,
31,"flash""",PROPN,
31,.,PUNCT,
31,All,PRON,
31,of,ADP,
31,these,DET,
31,technologies,NOUN,
31,improved,VERB,
31,the,DET,
31,flexibility,NOUN,
31,of,ADP,
31,ROM,NOUN,
31,",",PUNCT,
31,but,CCONJ,
31,at,ADP,
31,a,DET,
31,significant,ADJ,
31,cost,NOUN,
31,-,PUNCT,
31,per,ADP,
31,-,PUNCT,
31,chip,NOUN,
31,",",PUNCT,
31,so,SCONJ,
31,that,SCONJ,
31,in,ADP,
31,large,ADJ,
31,quantities,NOUN,
31,mask,NOUN,
31,ROM,NOUN,
31,would,AUX,
31,remain,VERB,
31,an,DET,
31,economical,ADJ,
31,choice,NOUN,
31,for,ADP,
31,many,ADJ,
31,years,NOUN,
31,.,PUNCT,
32,(,PUNCT,
32,Decreasing,VERB,
32,cost,NOUN,
32,of,ADP,
32,reprogrammable,ADJ,
32,devices,NOUN,
32,had,AUX,
32,almost,ADV,
32,eliminated,VERB,
32,the,DET,
32,market,NOUN,
32,for,ADP,
32,mask,NOUN,
32,ROM,NOUN,
32,by,ADP,
32,2000,NUM,
32,.,PUNCT,
32,),PUNCT,
33,Rewriteable,ADJ,
33,technologies,NOUN,
33,were,AUX,
33,envisioned,VERB,
33,as,ADP,
33,replacements,NOUN,
33,for,ADP,
33,mask,NOUN,
33,ROM,PROPN,
33,.,PUNCT,
34,The,DET,
34,most,ADV,
34,recent,ADJ,
34,development,NOUN,
34,is,AUX,
34,NAND,PROPN,
34,flash,NOUN,
34,",",PUNCT,
34,also,ADV,
34,invented,VERB,
34,at,ADP,
34,Toshiba,PROPN,
34,.,PUNCT,
35,Its,PRON,
35,designers,NOUN,
35,explicitly,ADV,
35,broke,VERB,
35,from,ADP,
35,past,ADJ,
35,practice,NOUN,
35,",",PUNCT,
35,stating,VERB,
35,plainly,ADV,
35,that,SCONJ,
35,"""",PUNCT,
35,the,DET,
35,aim,NOUN,
35,of,ADP,
35,NAND,ADJ,
35,flash,NOUN,
35,is,AUX,
35,to,PART,
35,replace,VERB,
35,hard,ADJ,
35,disks,NOUN,
35,",",PUNCT,
35,"""",PUNCT,
35,rather,ADV,
35,than,ADP,
35,the,DET,
35,traditional,ADJ,
35,use,NOUN,
35,of,ADP,
35,ROM,NOUN,
35,as,ADP,
35,a,DET,
35,form,NOUN,
35,of,ADP,
35,non,ADJ,
35,-,ADJ,
35,volatile,ADJ,
35,primary,ADJ,
35,storage,NOUN,
35,.,PUNCT,
36,As,ADP,
36,of,ADP,
36,2021,NUM,
36,",",PUNCT,
36,NAND,PROPN,
36,has,AUX,
36,nearly,ADV,
36,completely,ADV,
36,achieved,VERB,
36,this,DET,
36,goal,NOUN,
36,by,ADP,
36,offering,VERB,
36,throughput,NOUN,
36,higher,ADJ,
36,than,ADP,
36,hard,ADJ,
36,disks,NOUN,
36,",",PUNCT,
36,lower,ADJ,
36,latency,NOUN,
36,",",PUNCT,
36,higher,ADJ,
36,tolerance,NOUN,
36,of,ADP,
36,physical,ADJ,
36,shock,NOUN,
36,",",PUNCT,
36,extreme,ADJ,
36,miniaturization,NOUN,
36,(,PUNCT,
36,in,ADP,
36,the,DET,
36,form,NOUN,
36,of,ADP,
36,USB,NOUN,
36,flash,NOUN,
36,drives,NOUN,
36,and,CCONJ,
36,tiny,ADJ,
36,microSD,NUM,
36,memory,NOUN,
36,cards,NOUN,
36,",",PUNCT,
36,for,ADP,
36,example,NOUN,
36,),PUNCT,
36,",",PUNCT,
36,and,CCONJ,
36,much,ADV,
36,lower,ADJ,
36,power,NOUN,
36,consumption,NOUN,
36,.,PUNCT,
37,=,PUNCT,
37,=,PUNCT,
37,=,PUNCT,
37,Use,VERB,
37,for,ADP,
37,storing,VERB,
37,programs,NOUN,
37,=,PUNCT,
37,=,PUNCT,
37,=,PUNCT,
37,"
",SPACE,
37,Many,ADJ,
37,stored,VERB,
37,-,PUNCT,
37,program,NOUN,
37,computers,NOUN,
37,use,VERB,
37,a,DET,
37,form,NOUN,
37,of,ADP,
37,non,ADJ,
37,-,ADJ,
37,volatile,ADJ,
37,storage,NOUN,
37,(,PUNCT,
37,that,PRON,
37,is,ADV,
37,",",PUNCT,
37,storage,NOUN,
37,that,PRON,
37,retains,VERB,
37,its,PRON,
37,data,NOUN,
37,when,SCONJ,
37,power,NOUN,
37,is,AUX,
37,removed,VERB,
37,),PUNCT,
37,to,PART,
37,store,VERB,
37,the,DET,
37,initial,ADJ,
37,program,NOUN,
37,that,PRON,
37,runs,VERB,
37,when,SCONJ,
37,the,DET,
37,computer,NOUN,
37,is,AUX,
37,powered,VERB,
37,on,ADP,
37,or,CCONJ,
37,otherwise,ADV,
37,begins,VERB,
37,execution,NOUN,
37,(,PUNCT,
37,a,DET,
37,process,NOUN,
37,known,VERB,
37,as,ADP,
37,bootstrapping,VERB,
37,",",PUNCT,
37,often,ADV,
37,abbreviated,VERB,
37,to,ADP,
37,"""",PUNCT,
37,booting,VERB,
37,"""",PUNCT,
37,or,CCONJ,
37,"""",PUNCT,
37,booting,VERB,
37,up,ADP,
37,"""",PUNCT,
37,),PUNCT,
37,.,PUNCT,
38,Likewise,ADV,
38,",",PUNCT,
38,every,DET,
38,non,ADJ,
38,-,ADJ,
38,trivial,ADJ,
38,computer,NOUN,
38,needs,VERB,
38,some,DET,
38,form,NOUN,
38,of,ADP,
38,mutable,ADJ,
38,memory,NOUN,
38,to,PART,
38,record,VERB,
38,changes,NOUN,
38,in,ADP,
38,its,PRON,
38,state,NOUN,
38,as,SCONJ,
38,it,PRON,
38,executes,VERB,
38,.,PUNCT,
39,Forms,NOUN,
39,of,ADP,
39,read,VERB,
39,-,PUNCT,
39,only,ADV,
39,memory,NOUN,
39,were,AUX,
39,employed,VERB,
39,as,ADP,
39,non,ADJ,
39,-,ADJ,
39,volatile,ADJ,
39,storage,NOUN,
39,for,ADP,
39,programs,NOUN,
39,in,ADP,
39,most,ADV,
39,early,ADJ,
39,stored,VERB,
39,-,PUNCT,
39,program,NOUN,
39,computers,NOUN,
39,",",PUNCT,
39,such,ADJ,
39,as,ADP,
39,ENIAC,PROPN,
39,after,ADP,
39,1948,NUM,
39,.,PUNCT,
40,(,PUNCT,
40,Until,ADP,
40,then,ADV,
40,it,PRON,
40,was,AUX,
40,not,PART,
40,a,DET,
40,stored,VERB,
40,-,PUNCT,
40,program,NOUN,
40,computer,NOUN,
40,as,SCONJ,
40,every,DET,
40,program,NOUN,
40,had,VERB,
40,to,PART,
40,be,AUX,
40,manually,ADV,
40,wired,VERB,
40,into,ADP,
40,the,DET,
40,machine,NOUN,
40,",",PUNCT,
40,which,PRON,
40,could,AUX,
40,take,VERB,
40,days,NOUN,
40,to,ADP,
40,weeks,NOUN,
40,.,PUNCT,
40,),PUNCT,
41,Read,VERB,
41,-,PUNCT,
41,only,ADV,
41,memory,NOUN,
41,was,AUX,
41,simpler,ADJ,
41,to,PART,
41,implement,VERB,
41,since,SCONJ,
41,it,PRON,
41,needed,VERB,
41,only,ADV,
41,a,DET,
41,mechanism,NOUN,
41,to,PART,
41,read,VERB,
41,stored,ADJ,
41,values,NOUN,
41,",",PUNCT,
41,and,CCONJ,
41,not,PART,
41,to,PART,
41,change,VERB,
41,them,PRON,
41,in,ADP,
41,-,PUNCT,
41,place,NOUN,
41,",",PUNCT,
41,and,CCONJ,
41,thus,ADV,
41,could,AUX,
41,be,AUX,
41,implemented,VERB,
41,with,ADP,
41,very,ADV,
41,crude,ADJ,
41,electromechanical,ADJ,
41,devices,NOUN,
41,(,PUNCT,
41,see,VERB,
41,historical,ADJ,
41,examples,NOUN,
41,below,ADV,
41,),PUNCT,
41,.,PUNCT,
42,With,ADP,
42,the,DET,
42,advent,NOUN,
42,of,ADP,
42,integrated,ADJ,
42,circuits,NOUN,
42,in,ADP,
42,the,DET,
42,1960s,NOUN,
42,",",PUNCT,
42,both,DET,
42,ROM,NOUN,
42,and,CCONJ,
42,its,PRON,
42,mutable,ADJ,
42,counterpart,NOUN,
42,static,ADJ,
42,RAM,PROPN,
42,were,AUX,
42,implemented,VERB,
42,as,ADP,
42,arrays,NOUN,
42,of,ADP,
42,transistors,NOUN,
42,in,ADP,
42,silicon,NOUN,
42,chips,NOUN,
42,;,PUNCT,
42,however,ADV,
42,",",PUNCT,
42,a,DET,
42,ROM,NOUN,
42,memory,NOUN,
42,cell,NOUN,
42,could,AUX,
42,be,AUX,
42,implemented,VERB,
42,using,VERB,
42,fewer,ADJ,
42,transistors,NOUN,
42,than,ADP,
42,an,DET,
42,SRAM,PROPN,
42,memory,NOUN,
42,cell,NOUN,
42,",",PUNCT,
42,since,SCONJ,
42,the,DET,
42,latter,ADJ,
42,needs,VERB,
42,a,DET,
42,latch,NOUN,
42,(,PUNCT,
42,comprising,VERB,
42,5,NUM,
42,-,SYM,
42,20,NUM,
42,transistors,NOUN,
42,),PUNCT,
42,to,PART,
42,retain,VERB,
42,its,PRON,
42,contents,NOUN,
42,",",PUNCT,
42,while,SCONJ,
42,a,DET,
42,ROM,NOUN,
42,cell,NOUN,
42,might,AUX,
42,consist,VERB,
42,of,ADP,
42,the,DET,
42,absence,NOUN,
42,(,PUNCT,
42,logical,ADJ,
42,0,NUM,
42,),PUNCT,
42,or,CCONJ,
42,presence,NOUN,
42,(,PUNCT,
42,logical,ADJ,
42,1,NUM,
42,),PUNCT,
42,of,ADP,
42,one,NUM,
42,transistor,NOUN,
42,connecting,VERB,
42,a,DET,
42,bit,NOUN,
42,line,NOUN,
42,to,ADP,
42,a,DET,
42,word,NOUN,
42,line,NOUN,
42,.,PUNCT,
43,Consequently,ADV,
43,",",PUNCT,
43,ROM,NOUN,
43,could,AUX,
43,be,AUX,
43,implemented,VERB,
43,at,ADP,
43,a,DET,
43,lower,ADJ,
43,cost,NOUN,
43,-,PUNCT,
43,per,ADP,
43,-,PUNCT,
43,bit,NOUN,
43,than,ADP,
43,RAM,NOUN,
43,for,ADP,
43,many,ADJ,
43,years,NOUN,
43,.,PUNCT,
44,Most,ADJ,
44,home,NOUN,
44,computers,NOUN,
44,of,ADP,
44,the,DET,
44,1980s,NOUN,
44,stored,VERB,
44,a,DET,
44,BASIC,PROPN,
44,interpreter,NOUN,
44,or,CCONJ,
44,operating,NOUN,
44,system,NOUN,
44,in,ADP,
44,ROM,NOUN,
44,as,ADP,
44,other,ADJ,
44,forms,NOUN,
44,of,ADP,
44,non,ADJ,
44,-,ADJ,
44,volatile,ADJ,
44,storage,NOUN,
44,such,ADJ,
44,as,ADP,
44,magnetic,ADJ,
44,disk,NOUN,
44,drives,NOUN,
44,were,AUX,
44,too,ADV,
44,costly,ADJ,
44,.,PUNCT,
45,For,ADP,
45,example,NOUN,
45,",",PUNCT,
45,the,DET,
45,Commodore,PROPN,
45,64,NUM,
45,included,VERB,
45,64,NUM,
45,KB,PROPN,
45,of,ADP,
45,RAM,PROPN,
45,and,CCONJ,
45,20,NUM,
45,KB,PROPN,
45,of,ADP,
45,ROM,NOUN,
45,containing,VERB,
45,a,DET,
45,BASIC,PROPN,
45,interpreter,NOUN,
45,and,CCONJ,
45,the,DET,
45,KERNAL,PROPN,
45,operating,NOUN,
45,system,NOUN,
45,.,PUNCT,
46,Later,ADV,
46,home,NOUN,
46,or,CCONJ,
46,office,NOUN,
46,computers,NOUN,
46,such,ADJ,
46,as,ADP,
46,the,DET,
46,IBM,PROPN,
46,PC,PROPN,
46,XT,NOUN,
46,often,ADV,
46,included,VERB,
46,magnetic,ADJ,
46,disk,NOUN,
46,drives,NOUN,
46,",",PUNCT,
46,and,CCONJ,
46,larger,ADJ,
46,amounts,NOUN,
46,of,ADP,
46,RAM,PROPN,
46,",",PUNCT,
46,allowing,VERB,
46,them,PRON,
46,to,PART,
46,load,VERB,
46,their,PRON,
46,operating,NOUN,
46,systems,NOUN,
46,from,ADP,
46,disk,NOUN,
46,into,ADP,
46,RAM,PROPN,
46,",",PUNCT,
46,with,ADP,
46,only,ADV,
46,a,DET,
46,minimal,ADJ,
46,hardware,NOUN,
46,initialization,NOUN,
46,core,NOUN,
46,and,CCONJ,
46,bootloader,NOUN,
46,remaining,VERB,
46,in,ADP,
46,ROM,NOUN,
46,(,PUNCT,
46,known,VERB,
46,as,ADP,
46,the,DET,
46,BIOS,PROPN,
46,in,ADP,
46,IBM,PROPN,
46,-,PUNCT,
46,compatible,ADJ,
46,computers,NOUN,
46,),PUNCT,
46,.,PUNCT,
47,This,DET,
47,arrangement,NOUN,
47,allowed,VERB,
47,for,ADP,
47,a,DET,
47,more,ADV,
47,complex,ADJ,
47,and,CCONJ,
47,easily,ADV,
47,upgradeable,ADJ,
47,operating,NOUN,
47,system,NOUN,
47,.,PUNCT,
48,In,ADP,
48,modern,ADJ,
48,PCs,NOUN,
48,",",PUNCT,
48,"""",PUNCT,
48,ROM,NOUN,
48,"""",PUNCT,
48,is,AUX,
48,used,VERB,
48,to,PART,
48,store,VERB,
48,the,DET,
48,basic,ADJ,
48,bootstrapping,ADJ,
48,firmware,NOUN,
48,for,ADP,
48,the,DET,
48,processor,NOUN,
48,",",PUNCT,
48,as,ADV,
48,well,ADV,
48,as,ADP,
48,the,DET,
48,various,ADJ,
48,firmware,NOUN,
48,needed,VERB,
48,to,PART,
48,internally,ADV,
48,control,VERB,
48,self,NOUN,
48,-,PUNCT,
48,contained,VERB,
48,devices,NOUN,
48,such,ADJ,
48,as,ADP,
48,graphic,ADJ,
48,cards,NOUN,
48,",",PUNCT,
48,hard,ADJ,
48,disk,NOUN,
48,drives,NOUN,
48,",",PUNCT,
48,solid,ADJ,
48,state,NOUN,
48,drives,NOUN,
48,",",PUNCT,
48,optical,ADJ,
48,disc,NOUN,
48,drives,NOUN,
48,",",PUNCT,
48,TFT,PROPN,
48,screens,NOUN,
48,",",PUNCT,
48,etc,X,
48,.,X,
48,",",PUNCT,
48,in,ADP,
48,the,DET,
48,system,NOUN,
48,.,PUNCT,
49,Today,NOUN,
49,",",PUNCT,
49,many,ADJ,
49,of,ADP,
49,these,DET,
49,"""",PUNCT,
49,read,VERB,
49,-,PUNCT,
49,only,ADV,
49,"""",PUNCT,
49,memories,NOUN,
49,–,PUNCT,
49,especially,ADV,
49,the,DET,
49,BIOS,PROPN,
49,/,SYM,
49,UEFI,PROPN,
49,–,PUNCT,
49,are,AUX,
49,often,ADV,
49,replaced,VERB,
49,with,ADP,
49,EEPROM,NOUN,
49,or,CCONJ,
49,Flash,PROPN,
49,memory,NOUN,
49,(,PUNCT,
49,see,VERB,
49,below,ADV,
49,),PUNCT,
49,",",PUNCT,
49,to,PART,
49,permit,VERB,
49,in,ADP,
49,-,PUNCT,
49,place,NOUN,
49,reprogramming,VERB,
49,should,AUX,
49,the,DET,
49,need,NOUN,
49,for,SCONJ,
49,a,DET,
49,firmware,NOUN,
49,upgrade,NOUN,
49,arise,VERB,
49,.,PUNCT,
50,However,ADV,
50,",",PUNCT,
50,simple,ADJ,
50,and,CCONJ,
50,mature,VERB,
50,sub,NOUN,
50,-,NOUN,
50,systems,NOUN,
50,(,PUNCT,
50,such,ADJ,
50,as,ADP,
50,the,DET,
50,keyboard,NOUN,
50,or,CCONJ,
50,some,DET,
50,communication,NOUN,
50,controllers,NOUN,
50,in,ADP,
50,the,DET,
50,integrated,VERB,
50,circuits,NOUN,
50,on,ADP,
50,the,DET,
50,main,ADJ,
50,board,NOUN,
50,",",PUNCT,
50,for,ADP,
50,example,NOUN,
50,),PUNCT,
50,may,AUX,
50,employ,VERB,
50,mask,NOUN,
50,ROM,NOUN,
50,or,CCONJ,
50,OTP,PROPN,
50,(,PUNCT,
50,one,NUM,
50,-,PUNCT,
50,time,NOUN,
50,programmable,NOUN,
50,),PUNCT,
50,.,PUNCT,
51,ROM,NOUN,
51,and,CCONJ,
51,successor,NOUN,
51,technologies,NOUN,
51,such,ADJ,
51,as,ADP,
51,flash,NOUN,
51,are,AUX,
51,prevalent,ADJ,
51,in,ADP,
51,embedded,VERB,
51,systems,NOUN,
51,.,PUNCT,
52,These,PRON,
52,are,AUX,
52,in,ADP,
52,everything,PRON,
52,from,ADP,
52,industrial,ADJ,
52,robots,NOUN,
52,to,ADP,
52,home,NOUN,
52,appliances,NOUN,
52,and,CCONJ,
52,consumer,NOUN,
52,electronics,NOUN,
52,(,PUNCT,
52,MP3,NOUN,
52,players,NOUN,
52,",",PUNCT,
52,set,VERB,
52,-,PUNCT,
52,top,NOUN,
52,boxes,NOUN,
52,",",PUNCT,
52,etc,X,
52,.,X,
52,),PUNCT,
53,all,PRON,
53,of,ADP,
53,which,PRON,
53,are,AUX,
53,designed,VERB,
53,for,ADP,
53,specific,ADJ,
53,functions,NOUN,
53,",",PUNCT,
53,but,CCONJ,
53,are,AUX,
53,based,VERB,
53,on,ADP,
53,general,ADJ,
53,-,PUNCT,
53,purpose,NOUN,
53,microprocessors,NOUN,
53,.,PUNCT,
54,With,ADP,
54,software,NOUN,
54,usually,ADV,
54,tightly,ADV,
54,coupled,VERB,
54,to,ADP,
54,hardware,NOUN,
54,",",PUNCT,
54,program,NOUN,
54,changes,NOUN,
54,are,AUX,
54,rarely,ADV,
54,needed,VERB,
54,in,ADP,
54,such,ADJ,
54,devices,NOUN,
54,(,PUNCT,
54,which,PRON,
54,typically,ADV,
54,lack,VERB,
54,hard,ADJ,
54,disks,NOUN,
54,for,ADP,
54,reasons,NOUN,
54,of,ADP,
54,cost,NOUN,
54,",",PUNCT,
54,size,NOUN,
54,",",PUNCT,
54,or,CCONJ,
54,power,NOUN,
54,consumption,NOUN,
54,),PUNCT,
54,.,PUNCT,
55,As,ADP,
55,of,ADP,
55,2008,NUM,
55,",",PUNCT,
55,most,ADJ,
55,products,NOUN,
55,use,VERB,
55,Flash,PROPN,
55,rather,ADV,
55,than,ADP,
55,mask,NOUN,
55,ROM,NOUN,
55,",",PUNCT,
55,and,CCONJ,
55,many,ADJ,
55,provide,VERB,
55,some,DET,
55,means,NOUN,
55,for,ADP,
55,connecting,VERB,
55,to,ADP,
55,a,DET,
55,PC,NOUN,
55,for,ADP,
55,firmware,NOUN,
55,updates,NOUN,
55,;,PUNCT,
55,for,ADP,
55,example,NOUN,
55,",",PUNCT,
55,a,DET,
55,digital,ADJ,
55,audio,ADJ,
55,player,NOUN,
55,might,AUX,
55,be,AUX,
55,updated,VERB,
55,to,PART,
55,support,VERB,
55,a,DET,
55,new,ADJ,
55,file,NOUN,
55,format,NOUN,
55,.,PUNCT,
56,Some,DET,
56,hobbyists,NOUN,
56,have,AUX,
56,taken,VERB,
56,advantage,NOUN,
56,of,ADP,
56,this,DET,
56,flexibility,NOUN,
56,to,PART,
56,reprogram,VERB,
56,consumer,NOUN,
56,products,NOUN,
56,for,ADP,
56,new,ADJ,
56,purposes,NOUN,
56,;,PUNCT,
56,for,ADP,
56,example,NOUN,
56,",",PUNCT,
56,the,DET,
56,iPodLinux,PROPN,
56,and,CCONJ,
56,OpenWrt,PROPN,
56,projects,NOUN,
56,have,AUX,
56,enabled,VERB,
56,users,NOUN,
56,to,PART,
56,run,VERB,
56,full,ADV,
56,-,PUNCT,
56,featured,VERB,
56,Linux,PROPN,
56,distributions,NOUN,
56,on,ADP,
56,their,PRON,
56,MP3,NOUN,
56,players,NOUN,
56,and,CCONJ,
56,wireless,ADJ,
56,routers,NOUN,
56,",",PUNCT,
56,respectively,ADV,
56,.,PUNCT,
57,ROM,NOUN,
57,is,AUX,
57,also,ADV,
57,useful,ADJ,
57,for,ADP,
57,binary,ADJ,
57,storage,NOUN,
57,of,ADP,
57,cryptographic,ADJ,
57,data,NOUN,
57,",",PUNCT,
57,as,SCONJ,
57,it,PRON,
57,makes,VERB,
57,them,PRON,
57,difficult,ADJ,
57,to,PART,
57,replace,VERB,
57,",",PUNCT,
57,which,PRON,
57,may,AUX,
57,be,AUX,
57,desirable,ADJ,
57,in,ADP,
57,order,NOUN,
57,to,PART,
57,enhance,VERB,
57,information,NOUN,
57,security,NOUN,
57,.,PUNCT,
58,=,PUNCT,
58,=,PUNCT,
58,=,PUNCT,
58,Use,VERB,
58,for,ADP,
58,storing,VERB,
58,data,NOUN,
58,=,PUNCT,
58,=,PUNCT,
58,=,PUNCT,
58,"
",SPACE,
58,Since,SCONJ,
58,ROM,NOUN,
58,(,PUNCT,
58,at,ADP,
58,least,ADJ,
58,in,ADP,
58,hard,ADV,
58,-,PUNCT,
58,wired,VERB,
58,mask,NOUN,
58,form,NOUN,
58,),PUNCT,
58,can,AUX,
58,not,PART,
58,be,AUX,
58,modified,VERB,
58,",",PUNCT,
58,it,PRON,
58,is,AUX,
58,only,ADV,
58,suitable,ADJ,
58,for,ADP,
58,storing,VERB,
58,data,NOUN,
58,which,PRON,
58,is,AUX,
58,not,PART,
58,expected,VERB,
58,to,PART,
58,need,VERB,
58,modification,NOUN,
58,for,ADP,
58,the,DET,
58,life,NOUN,
58,of,ADP,
58,the,DET,
58,device,NOUN,
58,.,PUNCT,
59,To,ADP,
59,that,DET,
59,end,NOUN,
59,",",PUNCT,
59,ROM,NOUN,
59,has,AUX,
59,been,AUX,
59,used,VERB,
59,in,ADP,
59,many,ADJ,
59,computers,NOUN,
59,to,PART,
59,store,VERB,
59,look,VERB,
59,-,PUNCT,
59,up,ADP,
59,tables,NOUN,
59,for,ADP,
59,the,DET,
59,evaluation,NOUN,
59,of,ADP,
59,mathematical,ADJ,
59,and,CCONJ,
59,logical,ADJ,
59,functions,NOUN,
59,(,PUNCT,
59,for,ADP,
59,example,NOUN,
59,",",PUNCT,
59,a,DET,
59,floating,VERB,
59,-,PUNCT,
59,point,NOUN,
59,unit,NOUN,
59,might,AUX,
59,tabulate,VERB,
59,the,DET,
59,sine,ADJ,
59,function,NOUN,
59,in,ADP,
59,order,NOUN,
59,to,PART,
59,facilitate,VERB,
59,faster,ADJ,
59,computation,NOUN,
59,),PUNCT,
59,.,PUNCT,
60,This,PRON,
60,was,AUX,
60,especially,ADV,
60,effective,ADJ,
60,when,SCONJ,
60,CPUs,NOUN,
60,were,AUX,
60,slow,ADJ,
60,and,CCONJ,
60,ROM,NOUN,
60,was,AUX,
60,cheap,ADJ,
60,compared,VERB,
60,to,ADP,
60,RAM,PROPN,
60,.,PUNCT,
61,Notably,ADV,
61,",",PUNCT,
61,the,DET,
61,display,NOUN,
61,adapters,NOUN,
61,of,ADP,
61,early,ADJ,
61,personal,ADJ,
61,computers,NOUN,
61,stored,VERB,
61,tables,NOUN,
61,of,ADP,
61,bitmapped,VERB,
61,font,ADJ,
61,characters,NOUN,
61,in,ADP,
61,ROM,PROPN,
61,.,PUNCT,
62,This,PRON,
62,usually,ADV,
62,meant,VERB,
62,that,SCONJ,
62,the,DET,
62,text,NOUN,
62,display,NOUN,
62,font,NOUN,
62,could,AUX,
62,not,PART,
62,be,AUX,
62,changed,VERB,
62,interactively,ADV,
62,.,PUNCT,
63,This,PRON,
63,was,AUX,
63,the,DET,
63,case,NOUN,
63,for,ADP,
63,both,CCONJ,
63,the,DET,
63,CGA,PROPN,
63,and,CCONJ,
63,MDA,PROPN,
63,adapters,NOUN,
63,available,ADJ,
63,with,ADP,
63,the,DET,
63,IBM,PROPN,
63,PC,PROPN,
63,XT,PROPN,
63,.,PUNCT,
64,The,DET,
64,use,NOUN,
64,of,ADP,
64,ROM,NOUN,
64,to,PART,
64,store,VERB,
64,such,ADJ,
64,small,ADJ,
64,amounts,NOUN,
64,of,ADP,
64,data,NOUN,
64,has,AUX,
64,disappeared,VERB,
64,almost,ADV,
64,completely,ADV,
64,in,ADP,
64,modern,ADJ,
64,general,ADJ,
64,-,PUNCT,
64,purpose,NOUN,
64,computers,NOUN,
64,.,PUNCT,
65,However,ADV,
65,",",PUNCT,
65,NAND,PROPN,
65,Flash,PROPN,
65,has,AUX,
65,taken,VERB,
65,over,ADP,
65,a,DET,
65,new,ADJ,
65,role,NOUN,
65,as,ADP,
65,a,DET,
65,medium,NOUN,
65,for,ADP,
65,mass,NOUN,
65,storage,NOUN,
65,or,CCONJ,
65,secondary,ADJ,
65,storage,NOUN,
65,of,ADP,
65,files,NOUN,
65,.,PUNCT,
66,=,PUNCT,
66,=,PUNCT,
66,Types,NOUN,
66,=,PUNCT,
66,=,PUNCT,
66,"


",SPACE,
66,=,PUNCT,
66,=,SYM,
66,=,PUNCT,
66,Factory,NOUN,
66,programmed,VERB,
66,=,PUNCT,
66,=,PUNCT,
66,=,SYM,
66,"
",SPACE,
66,Mask,NOUN,
66,ROM,NOUN,
66,is,AUX,
66,a,DET,
66,read,NOUN,
66,-,PUNCT,
66,only,ADV,
66,memory,NOUN,
66,whose,DET,
66,contents,NOUN,
66,are,AUX,
66,programmed,VERB,
66,by,ADP,
66,the,DET,
66,integrated,VERB,
66,circuit,NOUN,
66,manufacturer,NOUN,
66,(,PUNCT,
66,rather,ADV,
66,than,ADP,
66,by,ADP,
66,the,DET,
66,user,NOUN,
66,),PUNCT,
66,.,PUNCT,
67,The,DET,
67,desired,VERB,
67,memory,NOUN,
67,contents,NOUN,
67,are,AUX,
67,furnished,VERB,
67,by,ADP,
67,the,DET,
67,customer,NOUN,
67,to,ADP,
67,the,DET,
67,device,NOUN,
67,manufacturer,NOUN,
67,.,PUNCT,
68,The,DET,
68,desired,VERB,
68,data,NOUN,
68,is,AUX,
68,converted,VERB,
68,into,ADP,
68,a,DET,
68,custom,NOUN,
68,mask,NOUN,
68,layer,NOUN,
68,for,ADP,
68,the,DET,
68,final,ADJ,
68,metallization,NOUN,
68,of,ADP,
68,interconnections,NOUN,
68,on,ADP,
68,the,DET,
68,memory,NOUN,
68,chip,NOUN,
68,(,PUNCT,
68,hence,ADV,
68,the,DET,
68,name,NOUN,
68,),PUNCT,
68,.,PUNCT,
69,It,PRON,
69,is,AUX,
69,common,ADJ,
69,practice,NOUN,
69,to,PART,
69,use,VERB,
69,rewritable,ADJ,
69,non,ADJ,
69,-,ADJ,
69,volatile,ADJ,
69,memory,NOUN,
69,–,PUNCT,
69,such,ADJ,
69,as,ADP,
69,UV,NOUN,
69,-,PUNCT,
69,EPROM,NOUN,
69,or,CCONJ,
69,EEPROM,NOUN,
69,–,PUNCT,
69,for,ADP,
69,the,DET,
69,development,NOUN,
69,phase,NOUN,
69,of,ADP,
69,a,DET,
69,project,NOUN,
69,",",PUNCT,
69,and,CCONJ,
69,to,PART,
69,switch,VERB,
69,to,ADP,
69,mask,NOUN,
69,ROM,NOUN,
69,when,SCONJ,
69,the,DET,
69,code,NOUN,
69,has,AUX,
69,been,AUX,
69,finalized,VERB,
69,.,PUNCT,
70,For,ADP,
70,example,NOUN,
70,",",PUNCT,
70,Atmel,PROPN,
70,microcontrollers,NOUN,
70,come,VERB,
70,in,ADP,
70,both,PRON,
70,EEPROM,NOUN,
70,and,CCONJ,
70,mask,NOUN,
70,ROM,NOUN,
70,formats,NOUN,
70,.,PUNCT,
71,The,DET,
71,main,ADJ,
71,advantage,NOUN,
71,of,ADP,
71,mask,NOUN,
71,ROM,PROPN,
71,is,AUX,
71,its,PRON,
71,cost,NOUN,
71,.,PUNCT,
72,Per,ADP,
72,bit,NOUN,
72,",",PUNCT,
72,mask,NOUN,
72,ROM,NOUN,
72,is,AUX,
72,more,ADV,
72,compact,ADJ,
72,than,ADP,
72,any,DET,
72,other,ADJ,
72,kind,NOUN,
72,of,ADP,
72,semiconductor,NOUN,
72,memory,NOUN,
72,.,PUNCT,
73,Since,SCONJ,
73,the,DET,
73,cost,NOUN,
73,of,ADP,
73,an,DET,
73,integrated,VERB,
73,circuit,NOUN,
73,strongly,ADV,
73,depends,VERB,
73,on,ADP,
73,its,PRON,
73,size,NOUN,
73,",",PUNCT,
73,mask,NOUN,
73,ROM,NOUN,
73,is,AUX,
73,significantly,ADV,
73,cheaper,ADJ,
73,than,ADP,
73,any,DET,
73,other,ADJ,
73,kind,NOUN,
73,of,ADP,
73,semiconductor,NOUN,
73,memory,NOUN,
73,.,PUNCT,
74,However,ADV,
74,",",PUNCT,
74,the,DET,
74,one,NUM,
74,-,PUNCT,
74,time,NOUN,
74,masking,NOUN,
74,cost,NOUN,
74,is,AUX,
74,high,ADJ,
74,and,CCONJ,
74,there,PRON,
74,is,VERB,
74,a,DET,
74,long,ADJ,
74,turn,NOUN,
74,-,PUNCT,
74,around,ADP,
74,time,NOUN,
74,from,ADP,
74,design,NOUN,
74,to,ADP,
74,product,NOUN,
74,phase,NOUN,
74,.,PUNCT,
75,Design,NOUN,
75,errors,NOUN,
75,are,AUX,
75,costly,ADJ,
75,:,PUNCT,
75,if,SCONJ,
75,an,DET,
75,error,NOUN,
75,in,ADP,
75,the,DET,
75,data,NOUN,
75,or,CCONJ,
75,code,NOUN,
75,is,AUX,
75,found,VERB,
75,",",PUNCT,
75,the,DET,
75,mask,NOUN,
75,ROM,PROPN,
75,is,AUX,
75,useless,ADJ,
75,and,CCONJ,
75,must,AUX,
75,be,AUX,
75,replaced,VERB,
75,in,ADP,
75,order,NOUN,
75,to,PART,
75,change,VERB,
75,the,DET,
75,code,NOUN,
75,or,CCONJ,
75,data,NOUN,
75,.,PUNCT,
75,As,ADP,
75,of,ADP,
75,2003,NUM,
75,",",PUNCT,
75,four,NUM,
75,companies,NOUN,
75,produce,VERB,
75,most,ADJ,
75,such,ADJ,
75,mask,NOUN,
75,ROM,NOUN,
75,chips,NOUN,
75,:,PUNCT,
75,Samsung,PROPN,
75,Electronics,PROPN,
75,",",PUNCT,
75,NEC,PROPN,
75,Corporation,PROPN,
75,",",PUNCT,
75,Oki,PROPN,
75,Electric,PROPN,
75,Industry,PROPN,
75,",",PUNCT,
75,and,CCONJ,
75,Macronix,PROPN,
75,.,PUNCT,
75,Some,DET,
75,integrated,ADJ,
75,circuits,NOUN,
75,contain,VERB,
75,only,ADV,
75,mask,NOUN,
75,ROM,PROPN,
75,.,PUNCT,
76,Other,ADJ,
76,integrated,ADJ,
76,circuits,NOUN,
76,contain,VERB,
76,mask,NOUN,
76,ROM,NOUN,
76,as,ADV,
76,well,ADV,
76,as,ADP,
76,a,DET,
76,variety,NOUN,
76,of,ADP,
76,other,ADJ,
76,devices,NOUN,
76,.,PUNCT,
77,In,ADP,
77,particular,ADJ,
77,",",PUNCT,
77,many,ADJ,
77,microprocessors,NOUN,
77,have,VERB,
77,mask,NOUN,
77,ROM,NOUN,
77,to,PART,
77,store,VERB,
77,their,PRON,
77,microcode,NOUN,
77,.,PUNCT,
78,Some,DET,
78,microcontrollers,NOUN,
78,have,VERB,
78,mask,NOUN,
78,ROM,NOUN,
78,to,PART,
78,store,VERB,
78,the,DET,
78,bootloader,NOUN,
78,or,CCONJ,
78,all,PRON,
78,of,ADP,
78,their,PRON,
78,firmware,NOUN,
78,.,PUNCT,
79,Classic,ADJ,
79,mask,NOUN,
79,-,PUNCT,
79,programmed,VERB,
79,ROM,NOUN,
79,chips,NOUN,
79,are,AUX,
79,integrated,VERB,
79,circuits,NOUN,
79,that,PRON,
79,physically,ADV,
79,encode,VERB,
79,the,DET,
79,data,NOUN,
79,to,PART,
79,be,AUX,
79,stored,VERB,
79,",",PUNCT,
79,and,CCONJ,
79,thus,ADV,
79,it,PRON,
79,is,AUX,
79,impossible,ADJ,
79,to,PART,
79,change,VERB,
79,their,PRON,
79,contents,NOUN,
79,after,ADP,
79,fabrication,NOUN,
79,.,PUNCT,
80,=,PUNCT,
80,=,PUNCT,
80,=,PUNCT,
80,Field,NOUN,
80,programmable,ADJ,
80,=,PUNCT,
80,=,PUNCT,
80,=,PUNCT,
80,"
",SPACE,
80,Programmable,ADJ,
80,read,VERB,
80,-,PUNCT,
80,only,ADV,
80,memory,NOUN,
80,(,PUNCT,
80,PROM,NOUN,
80,),PUNCT,
80,",",PUNCT,
80,or,CCONJ,
80,one,NUM,
80,-,PUNCT,
80,time,NOUN,
80,programmable,ADJ,
80,ROM,NOUN,
80,(,PUNCT,
80,OTP,PROPN,
80,),PUNCT,
80,",",PUNCT,
80,can,AUX,
80,be,AUX,
80,written,VERB,
80,to,ADP,
80,or,CCONJ,
80,programmed,VERB,
80,via,ADP,
80,a,DET,
80,special,ADJ,
80,device,NOUN,
80,called,VERB,
80,a,DET,
80,PROM,NOUN,
80,programmer,NOUN,
80,.,PUNCT,
81,Typically,ADV,
81,",",PUNCT,
81,this,DET,
81,device,NOUN,
81,uses,VERB,
81,high,ADJ,
81,voltages,NOUN,
81,to,PART,
81,permanently,ADV,
81,destroy,VERB,
81,or,CCONJ,
81,create,VERB,
81,internal,ADJ,
81,links,NOUN,
81,(,PUNCT,
81,fuses,NOUN,
81,or,CCONJ,
81,antifuses,NOUN,
81,),PUNCT,
81,within,ADP,
81,the,DET,
81,chip,NOUN,
81,.,PUNCT,
82,Consequently,ADV,
82,",",PUNCT,
82,a,DET,
82,PROM,NOUN,
82,can,AUX,
82,only,ADV,
82,be,AUX,
82,programmed,VERB,
82,once,ADV,
82,.,PUNCT,
83,Erasable,ADJ,
83,programmable,ADJ,
83,read,NOUN,
83,-,PUNCT,
83,only,ADV,
83,memory,NOUN,
83,(,PUNCT,
83,EPROM,PROPN,
83,),PUNCT,
83,can,AUX,
83,be,AUX,
83,erased,VERB,
83,by,ADP,
83,exposure,NOUN,
83,to,ADP,
83,strong,ADJ,
83,ultraviolet,NOUN,
83,light,NOUN,
83,(,PUNCT,
83,typically,ADV,
83,for,ADP,
83,10,NUM,
83,minutes,NOUN,
83,or,CCONJ,
83,longer,ADJ,
83,),PUNCT,
83,",",PUNCT,
83,then,ADV,
83,rewritten,VERB,
83,with,ADP,
83,a,DET,
83,process,NOUN,
83,that,PRON,
83,again,ADV,
83,needs,VERB,
83,higher,ADJ,
83,than,ADP,
83,usual,ADJ,
83,voltage,NOUN,
83,applied,VERB,
83,.,PUNCT,
84,Repeated,VERB,
84,exposure,NOUN,
84,to,ADP,
84,UV,NOUN,
84,light,NOUN,
84,will,AUX,
84,eventually,ADV,
84,wear,VERB,
84,out,ADP,
84,an,DET,
84,EPROM,NOUN,
84,",",PUNCT,
84,but,CCONJ,
84,the,DET,
84,endurance,NOUN,
84,of,ADP,
84,most,ADJ,
84,EPROM,NOUN,
84,chips,NOUN,
84,exceeds,VERB,
84,1000,NUM,
84,cycles,NOUN,
84,of,ADP,
84,erasing,VERB,
84,and,CCONJ,
84,reprogramming,VERB,
84,.,PUNCT,
85,EPROM,NOUN,
85,chip,NOUN,
85,packages,NOUN,
85,can,AUX,
85,often,ADV,
85,be,AUX,
85,identified,VERB,
85,by,ADP,
85,the,DET,
85,prominent,ADJ,
85,quartz,NOUN,
85,"""",PUNCT,
85,window,NOUN,
85,"""",PUNCT,
85,which,PRON,
85,allows,VERB,
85,UV,NOUN,
85,light,NOUN,
85,to,PART,
85,enter,VERB,
85,.,PUNCT,
86,After,ADP,
86,programming,NOUN,
86,",",PUNCT,
86,the,DET,
86,window,NOUN,
86,is,AUX,
86,typically,ADV,
86,covered,VERB,
86,with,ADP,
86,a,DET,
86,label,NOUN,
86,to,PART,
86,prevent,VERB,
86,accidental,ADJ,
86,erasure,NOUN,
86,.,PUNCT,
87,Some,DET,
87,EPROM,NOUN,
87,chips,NOUN,
87,are,AUX,
87,factory,NOUN,
87,-,PUNCT,
87,erased,VERB,
87,before,SCONJ,
87,they,PRON,
87,are,AUX,
87,packaged,VERB,
87,",",PUNCT,
87,and,CCONJ,
87,include,VERB,
87,no,DET,
87,window,NOUN,
87,;,PUNCT,
87,these,PRON,
87,are,AUX,
87,effectively,ADV,
87,PROM,NOUN,
87,.,PUNCT,
88,Electrically,ADV,
88,erasable,ADJ,
88,programmable,ADJ,
88,read,NOUN,
88,-,PUNCT,
88,only,ADV,
88,memory,NOUN,
88,(,PUNCT,
88,EEPROM,NOUN,
88,),PUNCT,
88,is,AUX,
88,based,VERB,
88,on,ADP,
88,a,DET,
88,similar,ADJ,
88,semiconductor,NOUN,
88,structure,NOUN,
88,to,ADP,
88,EPROM,PROPN,
88,",",PUNCT,
88,but,CCONJ,
88,allows,VERB,
88,its,PRON,
88,entire,ADJ,
88,contents,NOUN,
88,(,PUNCT,
88,or,CCONJ,
88,selected,VERB,
88,banks,NOUN,
88,),PUNCT,
88,to,PART,
88,be,AUX,
88,electrically,ADV,
88,erased,VERB,
88,",",PUNCT,
88,then,ADV,
88,rewritten,VERB,
88,electrically,ADV,
88,",",PUNCT,
88,so,SCONJ,
88,that,SCONJ,
88,they,PRON,
88,need,AUX,
88,not,PART,
88,be,AUX,
88,removed,VERB,
88,from,ADP,
88,the,DET,
88,computer,NOUN,
88,(,PUNCT,
88,whether,SCONJ,
88,general,ADJ,
88,-,PUNCT,
88,purpose,NOUN,
88,or,CCONJ,
88,an,DET,
88,embedded,VERB,
88,computer,NOUN,
88,in,ADP,
88,a,DET,
88,camera,NOUN,
88,",",PUNCT,
88,MP3,NOUN,
88,player,NOUN,
88,",",PUNCT,
88,etc,X,
88,.,X,
88,),PUNCT,
88,.,PUNCT,
89,Writing,VERB,
89,or,CCONJ,
89,flashing,VERB,
89,an,DET,
89,EEPROM,NOUN,
89,is,AUX,
89,much,ADV,
89,slower,ADJ,
89,(,PUNCT,
89,milliseconds,NOUN,
89,per,ADP,
89,bit,NOUN,
89,),PUNCT,
89,than,ADP,
89,reading,VERB,
89,from,ADP,
89,a,DET,
89,ROM,NOUN,
89,or,CCONJ,
89,writing,NOUN,
89,to,ADP,
89,a,DET,
89,RAM,NOUN,
89,(,PUNCT,
89,nanoseconds,NOUN,
89,in,ADP,
89,both,DET,
89,cases,NOUN,
89,),PUNCT,
89,.,PUNCT,
90,Electrically,ADV,
90,alterable,ADJ,
90,read,NOUN,
90,-,PUNCT,
90,only,ADV,
90,memory,NOUN,
90,(,PUNCT,
90,EAROM,NOUN,
90,),PUNCT,
90,is,AUX,
90,a,DET,
90,type,NOUN,
90,of,ADP,
90,EEPROM,NOUN,
90,that,PRON,
90,can,AUX,
90,be,AUX,
90,modified,VERB,
90,one,NUM,
90,bit,NOUN,
90,at,ADP,
90,a,DET,
90,time,NOUN,
90,.,PUNCT,
91,Writing,NOUN,
91,is,AUX,
91,a,DET,
91,very,ADV,
91,slow,ADJ,
91,process,NOUN,
91,and,CCONJ,
91,again,ADV,
91,needs,VERB,
91,higher,ADJ,
91,voltage,NOUN,
91,(,PUNCT,
91,usually,ADV,
91,around,ADV,
91,12,NUM,
91,V,NOUN,
91,),PUNCT,
91,than,SCONJ,
91,is,AUX,
91,used,VERB,
91,for,ADP,
91,read,ADJ,
91,access,NOUN,
91,.,PUNCT,
92,EAROMs,NOUN,
92,are,AUX,
92,intended,VERB,
92,for,ADP,
92,applications,NOUN,
92,that,PRON,
92,require,VERB,
92,infrequent,NOUN,
92,and,CCONJ,
92,only,ADV,
92,partial,ADJ,
92,rewriting,NOUN,
92,.,PUNCT,
93,EAROM,NOUN,
93,may,AUX,
93,be,AUX,
93,used,VERB,
93,as,ADP,
93,non,ADJ,
93,-,ADJ,
93,volatile,ADJ,
93,storage,NOUN,
93,for,ADP,
93,critical,ADJ,
93,system,NOUN,
93,setup,NOUN,
93,information,NOUN,
93,;,PUNCT,
93,in,ADP,
93,many,ADJ,
93,applications,NOUN,
93,",",PUNCT,
93,EAROM,NOUN,
93,has,AUX,
93,been,AUX,
93,supplanted,VERB,
93,by,ADP,
93,CMOS,PROPN,
93,RAM,PROPN,
93,supplied,VERB,
93,by,ADP,
93,mains,NOUN,
93,power,NOUN,
93,and,CCONJ,
93,backed,VERB,
93,-,PUNCT,
93,up,NOUN,
93,with,ADP,
93,a,DET,
93,lithium,NOUN,
93,battery,NOUN,
93,.,PUNCT,
94,Flash,NOUN,
94,memory,NOUN,
94,(,PUNCT,
94,or,CCONJ,
94,simply,ADV,
94,flash,VERB,
94,),PUNCT,
94,is,AUX,
94,a,DET,
94,modern,ADJ,
94,type,NOUN,
94,of,ADP,
94,EEPROM,NOUN,
94,invented,VERB,
94,in,ADP,
94,1984,NUM,
94,.,PUNCT,
95,Flash,NOUN,
95,memory,NOUN,
95,can,AUX,
95,be,AUX,
95,erased,VERB,
95,and,CCONJ,
95,rewritten,VERB,
95,faster,ADV,
95,than,ADP,
95,ordinary,ADJ,
95,EEPROM,NOUN,
95,",",PUNCT,
95,and,CCONJ,
95,newer,ADJ,
95,designs,NOUN,
95,feature,VERB,
95,very,ADV,
95,high,ADJ,
95,endurance,NOUN,
95,(,PUNCT,
95,exceeding,VERB,
95,"1,000,000",NUM,
95,cycles,NOUN,
95,),PUNCT,
95,.,PUNCT,
96,Modern,ADJ,
96,NAND,PROPN,
96,flash,NOUN,
96,makes,VERB,
96,efficient,ADJ,
96,use,NOUN,
96,of,ADP,
96,silicon,NOUN,
96,chip,NOUN,
96,area,NOUN,
96,",",PUNCT,
96,resulting,VERB,
96,in,ADP,
96,individual,ADJ,
96,ICs,NOUN,
96,with,ADP,
96,a,DET,
96,capacity,NOUN,
96,as,ADV,
96,high,ADJ,
96,as,ADP,
96,32,NUM,
96,GB,PROPN,
96,as,ADP,
96,of,ADP,
96,2007,NUM,
96,;,PUNCT,
96,this,DET,
96,feature,NOUN,
96,",",PUNCT,
96,along,ADP,
96,with,ADP,
96,its,PRON,
96,endurance,NOUN,
96,and,CCONJ,
96,physical,ADJ,
96,durability,NOUN,
96,",",PUNCT,
96,has,AUX,
96,allowed,VERB,
96,NAND,PROPN,
96,flash,VERB,
96,to,PART,
96,replace,VERB,
96,magnetic,ADJ,
96,in,ADP,
96,some,DET,
96,applications,NOUN,
96,(,PUNCT,
96,such,ADJ,
96,as,ADP,
96,USB,NOUN,
96,flash,NOUN,
96,drives,NOUN,
96,),PUNCT,
96,.,PUNCT,
97,NOR,CCONJ,
97,flash,NOUN,
97,memory,NOUN,
97,is,AUX,
97,sometimes,ADV,
97,called,VERB,
97,flash,NOUN,
97,ROM,NOUN,
97,or,CCONJ,
97,flash,NOUN,
97,EEPROM,NOUN,
97,when,SCONJ,
97,used,VERB,
97,as,ADP,
97,a,DET,
97,replacement,NOUN,
97,for,ADP,
97,older,ADJ,
97,ROM,NOUN,
97,types,NOUN,
97,",",PUNCT,
97,but,CCONJ,
97,not,PART,
97,in,ADP,
97,applications,NOUN,
97,that,PRON,
97,take,VERB,
97,advantage,NOUN,
97,of,ADP,
97,its,PRON,
97,ability,NOUN,
97,to,PART,
97,be,AUX,
97,modified,VERB,
97,quickly,ADV,
97,and,CCONJ,
97,frequently,ADV,
97,.,PUNCT,
97,By,ADP,
97,applying,VERB,
97,write,NOUN,
97,protection,NOUN,
97,",",PUNCT,
97,some,DET,
97,types,NOUN,
97,of,ADP,
97,reprogrammable,ADJ,
97,ROMs,NOUN,
97,may,AUX,
97,temporarily,ADV,
97,become,VERB,
97,read,VERB,
97,-,PUNCT,
97,only,ADV,
97,memory,NOUN,
97,.,PUNCT,
98,=,PUNCT,
98,=,PUNCT,
98,=,PUNCT,
98,Other,ADJ,
98,technologies,NOUN,
98,=,PUNCT,
98,=,PUNCT,
98,=,PUNCT,
98,"
",SPACE,
98,There,PRON,
98,are,VERB,
98,other,ADJ,
98,types,NOUN,
98,of,ADP,
98,non,ADJ,
98,-,ADJ,
98,volatile,ADJ,
98,memory,NOUN,
98,which,PRON,
98,are,AUX,
98,not,PART,
98,based,VERB,
98,on,ADP,
98,solid,ADJ,
98,-,PUNCT,
98,state,NOUN,
98,IC,PROPN,
98,technology,NOUN,
98,",",PUNCT,
98,including,VERB,
98,:,PUNCT,
98,"

",SPACE,
98,Optical,ADJ,
98,storage,NOUN,
98,media,NOUN,
98,",",PUNCT,
98,such,ADJ,
98,CD,NOUN,
98,-,PUNCT,
98,ROM,NOUN,
98,which,PRON,
98,is,AUX,
98,read,VERB,
98,-,PUNCT,
98,only,ADV,
98,(,PUNCT,
98,analogous,ADJ,
98,to,ADP,
98,masked,VERB,
98,ROM,PROPN,
98,),PUNCT,
98,.,PUNCT,
99,CD,NOUN,
99,-,PUNCT,
99,R,NOUN,
99,is,AUX,
99,Write,PROPN,
99,Once,ADV,
99,Read,VERB,
99,Many,ADJ,
99,(,PUNCT,
99,analogous,ADJ,
99,to,ADP,
99,PROM,NOUN,
99,),PUNCT,
99,",",PUNCT,
99,while,SCONJ,
99,CD,PROPN,
99,-,PUNCT,
99,RW,PROPN,
99,supports,VERB,
99,erase,NOUN,
99,-,PUNCT,
99,rewrite,NOUN,
99,cycles,NOUN,
99,(,PUNCT,
99,analogous,ADJ,
99,to,ADP,
99,EEPROM,NOUN,
99,),PUNCT,
99,;,PUNCT,
99,both,PRON,
99,are,AUX,
99,designed,VERB,
99,for,ADP,
99,backwards,ADV,
99,-,PUNCT,
99,compatibility,NOUN,
99,with,ADP,
99,CD,NOUN,
99,-,PUNCT,
99,ROM,NOUN,
99,.,PUNCT,
100,Diode,NOUN,
100,matrix,NOUN,
100,ROM,NOUN,
100,",",PUNCT,
100,used,VERB,
100,in,ADP,
100,small,ADJ,
100,amounts,NOUN,
100,in,ADP,
100,many,ADJ,
100,computers,NOUN,
100,in,ADP,
100,the,DET,
100,1960s,NOUN,
100,as,ADV,
100,well,ADV,
100,as,ADP,
100,electronic,ADJ,
100,desk,NOUN,
100,calculators,NOUN,
100,and,CCONJ,
100,keyboard,NOUN,
100,encoders,NOUN,
100,for,ADP,
100,terminals,NOUN,
100,.,PUNCT,
101,This,DET,
101,ROM,NOUN,
101,was,AUX,
101,programmed,VERB,
101,by,ADP,
101,installing,VERB,
101,discrete,ADJ,
101,semiconductor,NOUN,
101,diodes,NOUN,
101,at,ADP,
101,selected,VERB,
101,locations,NOUN,
101,between,ADP,
101,a,DET,
101,matrix,NOUN,
101,of,ADP,
101,word,NOUN,
101,line,NOUN,
101,traces,NOUN,
101,and,CCONJ,
101,bit,NOUN,
101,line,NOUN,
101,traces,NOUN,
101,on,ADP,
101,a,DET,
101,printed,VERB,
101,circuit,NOUN,
101,board,NOUN,
101,.,PUNCT,
102,Resistor,PROPN,
102,",",PUNCT,
102,capacitor,NOUN,
102,",",PUNCT,
102,or,CCONJ,
102,transformer,NOUN,
102,matrix,NOUN,
102,ROM,NOUN,
102,",",PUNCT,
102,used,VERB,
102,in,ADP,
102,many,ADJ,
102,computers,NOUN,
102,until,ADP,
102,the,DET,
102,1970s,NOUN,
102,.,PUNCT,
103,Like,ADP,
103,diode,ADJ,
103,matrix,NOUN,
103,ROM,NOUN,
103,",",PUNCT,
103,it,PRON,
103,was,AUX,
103,programmed,VERB,
103,by,ADP,
103,placing,VERB,
103,components,NOUN,
103,at,ADP,
103,selected,VERB,
103,locations,NOUN,
103,between,ADP,
103,a,DET,
103,matrix,NOUN,
103,of,ADP,
103,word,NOUN,
103,lines,NOUN,
103,and,CCONJ,
103,bit,NOUN,
103,lines,NOUN,
103,.,PUNCT,
104,ENIAC,PROPN,
104,'s,PART,
104,Function,PROPN,
104,Tables,PROPN,
104,were,AUX,
104,resistor,NOUN,
104,matrix,NOUN,
104,ROM,PROPN,
104,",",PUNCT,
104,programmed,VERB,
104,by,ADP,
104,manually,ADV,
104,setting,VERB,
104,rotary,ADJ,
104,switches,NOUN,
104,.,PUNCT,
105,Various,ADJ,
105,models,NOUN,
105,of,ADP,
105,the,DET,
105,IBM,PROPN,
105,System/360,PROPN,
105,and,CCONJ,
105,complex,ADJ,
105,peripheral,ADJ,
105,devices,NOUN,
105,stored,VERB,
105,their,PRON,
105,microcode,NOUN,
105,in,ADP,
105,either,DET,
105,capacitor,NOUN,
105,(,PUNCT,
105,called,VERB,
105,BCROS,PROPN,
105,for,ADP,
105,balanced,ADJ,
105,capacitor,NOUN,
105,read,NOUN,
105,-,PUNCT,
105,only,ADV,
105,storage,NOUN,
105,on,ADP,
105,the,DET,
105,360/50,NUM,
105,and,CCONJ,
105,360/65,NUM,
105,",",PUNCT,
105,or,CCONJ,
105,CCROS,ADJ,
105,for,ADP,
105,card,NOUN,
105,capacitor,NOUN,
105,read,NOUN,
105,-,PUNCT,
105,only,ADV,
105,storage,NOUN,
105,on,ADP,
105,the,DET,
105,360/30,NUM,
105,),PUNCT,
105,or,CCONJ,
105,transformer,NOUN,
105,(,PUNCT,
105,called,VERB,
105,TROS,PROPN,
105,for,ADP,
105,transformer,NOUN,
105,read,VERB,
105,-,PUNCT,
105,only,ADV,
105,storage,NOUN,
105,on,ADP,
105,the,DET,
105,360/20,NUM,
105,",",PUNCT,
105,360/40,NUM,
105,and,CCONJ,
105,others,NOUN,
105,),PUNCT,
105,matrix,NOUN,
105,ROM,NOUN,
105,.,PUNCT,
106,Core,PROPN,
106,rope,NOUN,
106,",",PUNCT,
106,a,DET,
106,form,NOUN,
106,of,ADP,
106,transformer,NOUN,
106,matrix,NOUN,
106,ROM,NOUN,
106,technology,NOUN,
106,used,VERB,
106,where,SCONJ,
106,size,NOUN,
106,and,CCONJ,
106,weight,NOUN,
106,were,AUX,
106,critical,ADJ,
106,.,PUNCT,
107,This,PRON,
107,was,AUX,
107,used,VERB,
107,in,ADP,
107,NASA,PROPN,
107,/,SYM,
107,MIT,PROPN,
107,'s,PART,
107,Apollo,PROPN,
107,Spacecraft,PROPN,
107,Computers,PROPN,
107,",",PUNCT,
107,DEC,PROPN,
107,'s,PART,
107,PDP-8,PROPN,
107,computers,NOUN,
107,",",PUNCT,
107,the,DET,
107,Hewlett,PROPN,
107,-,PUNCT,
107,Packard,PROPN,
107,9100A,PROPN,
107,calculator,NOUN,
107,",",PUNCT,
107,and,CCONJ,
107,other,ADJ,
107,places,NOUN,
107,.,PUNCT,
108,This,DET,
108,type,NOUN,
108,of,ADP,
108,ROM,NOUN,
108,was,AUX,
108,programmed,VERB,
108,by,ADP,
108,hand,NOUN,
108,by,ADP,
108,weaving,VERB,
108,"""",PUNCT,
108,word,NOUN,
108,line,NOUN,
108,wires,NOUN,
108,"""",PUNCT,
108,inside,ADP,
108,or,CCONJ,
108,outside,ADV,
108,of,ADP,
108,ferrite,PROPN,
108,transformer,NOUN,
108,cores,NOUN,
108,.,PUNCT,
109,Diamond,PROPN,
109,Ring,PROPN,
109,stores,NOUN,
109,",",PUNCT,
109,in,ADP,
109,which,PRON,
109,wires,NOUN,
109,are,AUX,
109,threaded,VERB,
109,through,ADP,
109,a,DET,
109,sequence,NOUN,
109,of,ADP,
109,large,ADJ,
109,ferrite,ADJ,
109,rings,NOUN,
109,that,PRON,
109,function,VERB,
109,only,ADV,
109,as,SCONJ,
109,sensing,VERB,
109,devices,NOUN,
109,.,PUNCT,
110,These,PRON,
110,were,AUX,
110,used,VERB,
110,in,ADP,
110,TXE,PROPN,
110,telephone,NOUN,
110,exchanges,NOUN,
110,.,PUNCT,
111,=,PUNCT,
111,=,PUNCT,
111,Speed,NOUN,
111,=,PUNCT,
111,=,PUNCT,
111,"
",SPACE,
111,Although,SCONJ,
111,the,DET,
111,relative,ADJ,
111,speed,NOUN,
111,of,ADP,
111,RAM,NOUN,
111,vs.,ADP,
111,ROM,NOUN,
111,has,AUX,
111,varied,VERB,
111,over,ADP,
111,time,NOUN,
111,",",PUNCT,
111,as,ADP,
111,of,ADP,
111,2007,NUM,
111,large,ADJ,
111,RAM,NOUN,
111,chips,NOUN,
111,can,AUX,
111,be,AUX,
111,read,VERB,
111,faster,ADV,
111,than,ADP,
111,most,ADJ,
111,ROMs,NOUN,
111,.,PUNCT,
112,For,ADP,
112,this,DET,
112,reason,NOUN,
112,(,PUNCT,
112,and,CCONJ,
112,to,PART,
112,allow,VERB,
112,uniform,ADJ,
112,access,NOUN,
112,),PUNCT,
112,",",PUNCT,
112,ROM,NOUN,
112,content,NOUN,
112,is,AUX,
112,sometimes,ADV,
112,copied,VERB,
112,to,ADP,
112,RAM,PROPN,
112,or,CCONJ,
112,shadowed,VERB,
112,before,ADP,
112,its,PRON,
112,first,ADJ,
112,use,NOUN,
112,",",PUNCT,
112,and,CCONJ,
112,subsequently,ADV,
112,read,VERB,
112,from,ADP,
112,RAM,PROPN,
112,.,PUNCT,
113,=,PUNCT,
113,=,PUNCT,
113,=,PUNCT,
113,Writing,VERB,
113,=,PUNCT,
113,=,PUNCT,
113,=,PUNCT,
113,"
",SPACE,
113,For,ADP,
113,those,DET,
113,types,NOUN,
113,of,ADP,
113,ROM,NOUN,
113,that,PRON,
113,can,AUX,
113,be,AUX,
113,electrically,ADV,
113,modified,VERB,
113,",",PUNCT,
113,writing,VERB,
113,speed,NOUN,
113,has,AUX,
113,traditionally,ADV,
113,been,AUX,
113,much,ADV,
113,slower,ADJ,
113,than,ADP,
113,reading,VERB,
113,speed,NOUN,
113,",",PUNCT,
113,and,CCONJ,
113,it,PRON,
113,may,AUX,
113,need,VERB,
113,unusually,ADV,
113,high,ADJ,
113,voltage,NOUN,
113,",",PUNCT,
113,the,DET,
113,movement,NOUN,
113,of,ADP,
113,jumper,NOUN,
113,plugs,NOUN,
113,to,PART,
113,apply,VERB,
113,write,NOUN,
113,-,PUNCT,
113,enable,NOUN,
113,signals,NOUN,
113,",",PUNCT,
113,and,CCONJ,
113,special,ADJ,
113,lock,NOUN,
113,/,SYM,
113,unlock,NOUN,
113,command,NOUN,
113,codes,NOUN,
113,.,PUNCT,
114,Modern,ADJ,
114,NAND,PROPN,
114,Flash,PROPN,
114,achieves,VERB,
114,the,DET,
114,highest,ADJ,
114,write,NOUN,
114,speeds,NOUN,
114,of,ADP,
114,any,DET,
114,rewritable,ADJ,
114,ROM,NOUN,
114,technology,NOUN,
114,",",PUNCT,
114,with,ADP,
114,speeds,NOUN,
114,as,ADV,
114,high,ADJ,
114,as,ADP,
114,10,NUM,
114,GB,PROPN,
114,/,SYM,
114,s.,NUM,
115,This,PRON,
115,has,AUX,
115,been,AUX,
115,enabled,VERB,
115,by,ADP,
115,the,DET,
115,increased,VERB,
115,investment,NOUN,
115,in,ADP,
115,both,PRON,
115,consumer,NOUN,
115,and,CCONJ,
115,enterprise,NOUN,
115,solid,ADJ,
115,state,NOUN,
115,drives,NOUN,
115,and,CCONJ,
115,flash,VERB,
115,memory,NOUN,
115,products,NOUN,
115,for,ADP,
115,higher,ADJ,
115,end,NOUN,
115,mobile,ADJ,
115,devices,NOUN,
115,.,PUNCT,
116,On,ADP,
116,a,DET,
116,technical,ADJ,
116,level,NOUN,
116,the,DET,
116,gains,NOUN,
116,have,AUX,
116,been,AUX,
116,achieved,VERB,
116,by,ADP,
116,increasing,VERB,
116,parallelism,NOUN,
116,both,CCONJ,
116,in,ADP,
116,controller,NOUN,
116,design,NOUN,
116,and,CCONJ,
116,of,ADP,
116,storage,NOUN,
116,",",PUNCT,
116,the,DET,
116,use,NOUN,
116,of,ADP,
116,large,ADJ,
116,DRAM,PROPN,
116,read,VERB,
116,/,PUNCT,
116,write,VERB,
116,caches,NOUN,
116,and,CCONJ,
116,the,DET,
116,implementation,NOUN,
116,of,ADP,
116,memory,NOUN,
116,cells,NOUN,
116,which,PRON,
116,can,AUX,
116,store,VERB,
116,more,ADJ,
116,than,ADP,
116,one,NUM,
116,bit,NOUN,
116,(,PUNCT,
116,DLC,PROPN,
116,",",PUNCT,
116,TLC,PROPN,
116,and,CCONJ,
116,MLC,PROPN,
116,),PUNCT,
116,.,PUNCT,
117,The,DET,
117,latter,ADJ,
117,approach,NOUN,
117,is,AUX,
117,more,ADJ,
117,failure,NOUN,
117,prone,ADJ,
117,but,CCONJ,
117,this,PRON,
117,has,AUX,
117,been,AUX,
117,largely,ADV,
117,mitigated,VERB,
117,by,ADP,
117,overprovisioning,VERB,
117,(,PUNCT,
117,the,DET,
117,inclusion,NOUN,
117,of,ADP,
117,spare,ADJ,
117,capacity,NOUN,
117,in,ADP,
117,a,DET,
117,product,NOUN,
117,which,PRON,
117,is,AUX,
117,visible,ADJ,
117,only,ADV,
117,to,ADP,
117,the,DET,
117,drive,NOUN,
117,controller,NOUN,
117,),PUNCT,
117,and,CCONJ,
117,by,ADP,
117,increasingly,ADV,
117,sophisticated,ADJ,
117,read,NOUN,
117,/,SYM,
117,write,NOUN,
117,algorithms,NOUN,
117,in,ADP,
117,drive,NOUN,
117,firmware,NOUN,
117,.,PUNCT,
118,=,PUNCT,
118,=,PUNCT,
118,Endurance,NOUN,
118,and,CCONJ,
118,data,NOUN,
118,retention,NOUN,
118,=,PUNCT,
118,=,PUNCT,
118,"

",SPACE,
118,Because,SCONJ,
118,they,PRON,
118,are,AUX,
118,written,VERB,
118,by,ADP,
118,forcing,VERB,
118,electrons,NOUN,
118,through,ADP,
118,a,DET,
118,layer,NOUN,
118,of,ADP,
118,electrical,ADJ,
118,insulation,NOUN,
118,onto,ADP,
118,a,DET,
118,floating,VERB,
118,transistor,NOUN,
118,gate,NOUN,
118,",",PUNCT,
118,rewriteable,ADJ,
118,ROMs,NOUN,
118,can,AUX,
118,withstand,VERB,
118,only,ADV,
118,a,DET,
118,limited,ADJ,
118,number,NOUN,
118,of,ADP,
118,write,NOUN,
118,and,CCONJ,
118,erase,NOUN,
118,cycles,NOUN,
118,before,SCONJ,
118,the,DET,
118,insulation,NOUN,
118,is,AUX,
118,permanently,ADV,
118,damaged,VERB,
118,.,PUNCT,
119,In,ADP,
119,the,DET,
119,earliest,ADJ,
119,EPROMs,NOUN,
119,",",PUNCT,
119,this,PRON,
119,might,AUX,
119,occur,VERB,
119,after,ADP,
119,as,ADV,
119,few,ADJ,
119,as,ADP,
119,"1,000",NUM,
119,write,NOUN,
119,cycles,NOUN,
119,",",PUNCT,
119,while,SCONJ,
119,in,ADP,
119,modern,ADJ,
119,Flash,PROPN,
119,EEPROM,VERB,
119,the,DET,
119,endurance,NOUN,
119,may,AUX,
119,exceed,VERB,
119,"1,000,000",NUM,
119,.,PUNCT,
120,The,DET,
120,limited,ADJ,
120,endurance,NOUN,
120,",",PUNCT,
120,as,ADV,
120,well,ADV,
120,as,ADP,
120,the,DET,
120,higher,ADJ,
120,cost,NOUN,
120,per,ADP,
120,bit,NOUN,
120,",",PUNCT,
120,means,VERB,
120,that,SCONJ,
120,Flash,PROPN,
120,-,PUNCT,
120,based,VERB,
120,storage,NOUN,
120,is,AUX,
120,unlikely,ADJ,
120,to,PART,
120,completely,ADV,
120,supplant,VERB,
120,magnetic,ADJ,
120,disk,NOUN,
120,drives,NOUN,
120,in,ADP,
120,the,DET,
120,near,ADJ,
120,future,NOUN,
120,.,PUNCT,
120,The,DET,
120,timespan,NOUN,
120,over,ADP,
120,which,PRON,
120,a,DET,
120,ROM,NOUN,
120,remains,VERB,
120,accurately,ADV,
120,readable,ADJ,
120,is,AUX,
120,not,PART,
120,limited,VERB,
120,by,ADP,
120,write,ADJ,
120,cycling,NOUN,
120,.,PUNCT,
121,The,DET,
121,data,NOUN,
121,retention,NOUN,
121,of,ADP,
121,EPROM,NOUN,
121,",",PUNCT,
121,EAROM,NOUN,
121,",",PUNCT,
121,EEPROM,NOUN,
121,",",PUNCT,
121,and,CCONJ,
121,Flash,PROPN,
121,may,AUX,
121,be,AUX,
121,time,NOUN,
121,-,PUNCT,
121,limited,VERB,
121,by,ADP,
121,charge,NOUN,
121,leaking,VERB,
121,from,ADP,
121,the,DET,
121,floating,VERB,
121,gates,NOUN,
121,of,ADP,
121,the,DET,
121,memory,NOUN,
121,cell,NOUN,
121,transistors,NOUN,
121,.,PUNCT,
122,Early,ADJ,
122,generation,NOUN,
122,EEPROM,VERB,
122,'s,PART,
122,",",PUNCT,
122,in,ADP,
122,the,DET,
122,mid,ADJ,
122,1980,NUM,
122,'s,PART,
122,generally,ADV,
122,cited,VERB,
122,5,NUM,
122,or,CCONJ,
122,6,NUM,
122,year,NOUN,
122,data,NOUN,
122,retention,NOUN,
122,.,PUNCT,
123,A,DET,
123,review,NOUN,
123,of,ADP,
123,EEPROM,NOUN,
123,'s,PART,
123,offered,VERB,
123,in,ADP,
123,the,DET,
123,year,NOUN,
123,2020,NUM,
123,shows,VERB,
123,manufacturers,NOUN,
123,citing,VERB,
123,100,NUM,
123,year,NOUN,
123,data,NOUN,
123,retention,NOUN,
123,.,PUNCT,
124,Adverse,ADJ,
124,environments,NOUN,
124,will,AUX,
124,reduce,VERB,
124,the,DET,
124,retention,NOUN,
124,time,NOUN,
124,(,PUNCT,
124,leakage,NOUN,
124,is,AUX,
124,accelerated,VERB,
124,by,ADP,
124,high,ADJ,
124,temperatures,NOUN,
124,or,CCONJ,
124,radiation,NOUN,
124,),PUNCT,
124,.,PUNCT,
125,Masked,ADJ,
125,ROM,NOUN,
125,and,CCONJ,
125,fuse,NOUN,
125,/,SYM,
125,antifuse,NOUN,
125,PROM,NOUN,
125,do,AUX,
125,not,PART,
125,suffer,VERB,
125,from,ADP,
125,this,DET,
125,effect,NOUN,
125,",",PUNCT,
125,as,SCONJ,
125,their,PRON,
125,data,NOUN,
125,retention,NOUN,
125,depends,VERB,
125,on,ADP,
125,physical,ADJ,
125,rather,ADV,
125,than,ADP,
125,electrical,ADJ,
125,permanence,NOUN,
125,of,ADP,
125,the,DET,
125,integrated,VERB,
125,circuit,NOUN,
125,",",PUNCT,
125,although,SCONJ,
125,fuse,NOUN,
125,re,NOUN,
125,-,NOUN,
125,growth,NOUN,
125,was,AUX,
125,once,ADV,
125,a,DET,
125,problem,NOUN,
125,in,ADP,
125,some,DET,
125,systems,NOUN,
125,.,PUNCT,
126,=,PUNCT,
126,=,PUNCT,
126,Content,NOUN,
126,images,NOUN,
126,=,PUNCT,
126,=,PUNCT,
126,"

",SPACE,
126,The,DET,
126,contents,NOUN,
126,of,ADP,
126,ROM,NOUN,
126,chips,NOUN,
126,can,AUX,
126,be,AUX,
126,extracted,VERB,
126,with,ADP,
126,special,ADJ,
126,hardware,NOUN,
126,devices,NOUN,
126,and,CCONJ,
126,relevant,ADJ,
126,controlling,VERB,
126,software,NOUN,
126,.,PUNCT,
127,This,DET,
127,practice,NOUN,
127,is,AUX,
127,common,ADJ,
127,for,ADP,
127,",",PUNCT,
127,as,ADP,
127,a,DET,
127,main,ADJ,
127,example,NOUN,
127,",",PUNCT,
127,reading,VERB,
127,the,DET,
127,contents,NOUN,
127,of,ADP,
127,older,ADJ,
127,video,NOUN,
127,game,NOUN,
127,console,NOUN,
127,cartridges,NOUN,
127,.,PUNCT,
128,Another,DET,
128,example,NOUN,
128,is,AUX,
128,making,VERB,
128,backups,NOUN,
128,of,ADP,
128,firmware,NOUN,
128,/,SYM,
128,OS,NOUN,
128,ROMs,NOUN,
128,from,ADP,
128,older,ADJ,
128,computers,NOUN,
128,or,CCONJ,
128,other,ADJ,
128,devices,NOUN,
128,-,PUNCT,
128,for,ADP,
128,archival,PROPN,
128,purposes,NOUN,
128,",",PUNCT,
128,as,ADP,
128,in,ADP,
128,many,ADJ,
128,cases,NOUN,
128,",",PUNCT,
128,the,DET,
128,original,ADJ,
128,chips,NOUN,
128,are,AUX,
128,PROMs,NOUN,
128,and,CCONJ,
128,thus,ADV,
128,at,ADP,
128,risk,NOUN,
128,of,ADP,
128,exceeding,VERB,
128,their,PRON,
128,usable,ADJ,
128,data,NOUN,
128,lifetime,NOUN,
128,.,PUNCT,
129,The,DET,
129,resultant,NOUN,
129,memory,NOUN,
129,dump,NOUN,
129,files,NOUN,
129,are,AUX,
129,known,VERB,
129,as,ADP,
129,ROM,NOUN,
129,images,NOUN,
129,or,CCONJ,
129,abbreviated,VERB,
129,ROMs,NOUN,
129,",",PUNCT,
129,and,CCONJ,
129,can,AUX,
129,be,AUX,
129,used,VERB,
129,to,PART,
129,produce,VERB,
129,duplicate,ADJ,
129,ROMs,NOUN,
129,-,PUNCT,
129,for,ADP,
129,example,NOUN,
129,to,PART,
129,produce,VERB,
129,new,ADJ,
129,cartridges,NOUN,
129,or,CCONJ,
129,as,ADP,
129,digital,ADJ,
129,files,NOUN,
129,for,ADP,
129,playing,VERB,
129,in,ADP,
129,console,NOUN,
129,emulators,NOUN,
129,.,PUNCT,
130,The,DET,
130,term,NOUN,
130,ROM,NOUN,
130,image,NOUN,
130,originated,VERB,
130,when,SCONJ,
130,most,ADJ,
130,console,NOUN,
130,games,NOUN,
130,were,AUX,
130,distributed,VERB,
130,on,ADP,
130,cartridges,NOUN,
130,containing,VERB,
130,ROM,NOUN,
130,chips,NOUN,
130,",",PUNCT,
130,but,CCONJ,
130,achieved,VERB,
130,such,ADJ,
130,widespread,ADJ,
130,usage,NOUN,
130,that,PRON,
130,it,PRON,
130,is,AUX,
130,still,ADV,
130,applied,VERB,
130,to,ADP,
130,images,NOUN,
130,of,ADP,
130,newer,ADJ,
130,games,NOUN,
130,distributed,VERB,
130,on,ADP,
130,CD,NOUN,
130,-,PUNCT,
130,ROMs,NOUN,
130,or,CCONJ,
130,other,ADJ,
130,optical,ADJ,
130,media,NOUN,
130,.,PUNCT,
131,ROM,NOUN,
131,images,NOUN,
131,of,ADP,
131,commercial,ADJ,
131,games,NOUN,
131,",",PUNCT,
131,firmware,NOUN,
131,",",PUNCT,
131,etc,X,
131,.,PUNCT,
132,usually,ADV,
132,contain,VERB,
132,copyrighted,VERB,
132,software,NOUN,
132,.,PUNCT,
133,The,DET,
133,unauthorized,ADJ,
133,copying,NOUN,
133,and,CCONJ,
133,distribution,NOUN,
133,of,ADP,
133,copyrighted,VERB,
133,software,NOUN,
133,is,AUX,
133,a,DET,
133,violation,NOUN,
133,of,ADP,
133,copyright,NOUN,
133,laws,NOUN,
133,in,ADP,
133,many,ADJ,
133,jurisdictions,NOUN,
133,",",PUNCT,
133,although,SCONJ,
133,duplication,NOUN,
133,for,ADP,
133,backup,ADJ,
133,purposes,NOUN,
133,may,AUX,
133,be,AUX,
133,considered,VERB,
133,fair,ADJ,
133,use,NOUN,
133,depending,VERB,
133,on,ADP,
133,location,NOUN,
133,.,PUNCT,
134,In,ADP,
134,any,DET,
134,case,NOUN,
134,",",PUNCT,
134,there,PRON,
134,is,VERB,
134,a,DET,
134,thriving,VERB,
134,community,NOUN,
134,engaged,VERB,
134,in,ADP,
134,the,DET,
134,distribution,NOUN,
134,and,CCONJ,
134,trading,NOUN,
134,of,ADP,
134,such,ADJ,
134,software,NOUN,
134,and,CCONJ,
134,abandonware,ADJ,
134,for,ADP,
134,preservation,NOUN,
134,/,SYM,
134,sharing,NOUN,
134,purposes,NOUN,
134,.,PUNCT,
135,=,PUNCT,
135,=,PUNCT,
135,Timeline,NOUN,
135,=,PUNCT,
135,=,PUNCT,
135,"


",SPACE,
135,=,PRON,
135,=,PUNCT,
135,See,VERB,
135,also,ADV,
135,=,PUNCT,
135,=,SYM,
135,"
",SPACE,
135,Flash,PROPN,
135,memory,NOUN,
135,"
",SPACE,
135,Random,PROPN,
135,access,NOUN,
135,memory,NOUN,
135,"
",SPACE,
135,Read,NOUN,
135,-,PUNCT,
135,mostly,ADV,
135,memory,NOUN,
135,(,PUNCT,
135,RMM,PROPN,
135,),PUNCT,
135,"
",SPACE,
135,Write,NOUN,
135,-,PUNCT,
135,only,ADV,
135,memory,NOUN,
135,"


",SPACE,
135,=,NOUN,
135,=,PUNCT,
135,Notes,NOUN,
135,=,PUNCT,
135,=,PUNCT,
135,"


",SPACE,
135,=,NOUN,
135,=,PUNCT,
135,References,NOUN,
135,=,PUNCT,
135,=,PUNCT,
