,Word,Pred
0,-,I-hwp
1,only,I-hwp
2,memory,I-hwp
3,(,O
4,ROM,B-hwp
5,),O
6,is,O
7,a,O
8,type,O
9,of,O
10,non,B-hwp
11,-,I-hwp
12,volatile,I-hwp
13,memory,I-hwp
14,used,O
15,in,O
16,computers,B-sys
17,and,O
18,other,O
19,electronic,B-sys
20,devices,I-sys
21,.,O
22,swap,O
23,swap,O
24,swap,O
25,swap,O
26,swap,O
27,swap,O
28,swap,O
29,swap,O
30,swap,O
31,swap,O
32,swap,O
33,swap,O
34,swap,O
35,swap,O
36,swap,O
37,swap,O
38,swap,O
39,swap,O
40,swap,O
41,swap,O
42,swap,O
43,swap,O
44,swap,O
45,swap,O
46,swap,O
47,swap,O
48,swap,O
49,swap,O
50,Data,B-qt
51,stored,O
52,in,O
53,ROM,B-hwp
54,can,O
55,not,O
56,be,O
57,electronically,O
58,modified,O
59,after,O
60,the,O
61,manufacture,O
62,of,O
63,the,O
64,memory,B-hwp
65,device,I-hwp
66,.,O
67,swap,O
68,swap,O
69,swap,O
70,swap,O
71,swap,O
72,swap,O
73,swap,O
74,swap,O
75,swap,O
76,swap,O
77,swap,O
78,swap,O
79,swap,O
80,swap,O
81,swap,O
82,swap,O
83,swap,O
84,swap,O
85,swap,O
86,swap,O
87,swap,O
88,swap,O
89,swap,O
90,swap,O
91,swap,O
92,swap,O
93,swap,O
94,swap,O
95,swap,O
96,swap,O
97,swap,O
98,swap,O
99,swap,O
100,-,I-hwp
101,only,I-hwp
102,memory,I-hwp
103,is,O
104,useful,O
105,for,O
106,storing,B-func
107,software,I-func
108,that,O
109,is,O
110,rarely,O
111,changed,O
112,during,O
113,the,O
114,life,O
115,of,O
116,the,O
117,system,O
118,",",O
119,also,O
120,known,O
121,as,O
122,firmware,B-sw
123,.,O
124,swap,O
125,swap,O
126,swap,O
127,swap,O
128,swap,O
129,swap,O
130,swap,O
131,swap,O
132,swap,O
133,swap,O
134,swap,O
135,swap,O
136,swap,O
137,swap,O
138,swap,O
139,swap,O
140,swap,O
141,swap,O
142,swap,O
143,swap,O
144,swap,O
145,swap,O
146,swap,O
147,swap,O
148,swap,O
149,swap,O
150,Software,O
151,applications,O
152,(,O
153,like,O
154,video,O
155,games,O
156,),O
157,for,O
158,programmable,B-sys
159,devices,I-sys
160,can,O
161,be,O
162,distributed,O
163,as,O
164,plug,O
165,-,O
166,in,O
167,containing,O
168,ROM,B-hwp
169,.,O
170,swap,O
171,swap,O
172,swap,O
173,swap,O
174,swap,O
175,swap,O
176,swap,O
177,swap,O
178,swap,O
179,swap,O
180,swap,O
181,swap,O
182,swap,O
183,swap,O
184,swap,O
185,swap,O
186,swap,O
187,swap,O
188,swap,O
189,swap,O
190,swap,O
191,swap,O
192,swap,O
193,swap,O
194,swap,O
195,swap,O
196,swap,O
197,swap,O
198,swap,O
199,swap,O
200,",",O
201,read,B-hwp
202,-,I-hwp
203,only,I-hwp
204,memory,I-hwp
205,refers,O
206,to,O
207,memory,O
208,that,O
209,is,O
210,hard,B-hwc
211,-,O
212,wired,O
213,",",O
214,such,O
215,as,O
216,diode,B-hwp
217,matrix,O
218,or,O
219,a,O
220,mask,O
221,ROM,B-hwp
222,integrated,O
223,circuit,O
224,(,O
225,IC,O
226,),O
227,",",O
228,which,O
229,can,O
230,not,O
231,be,O
232,electronically,O
233,changed,O
234,after,O
235,manufacture,O
236,.,O
237,swap,O
238,swap,O
239,swap,O
240,swap,O
241,swap,O
242,swap,O
243,swap,O
244,swap,O
245,swap,O
246,swap,O
247,swap,O
248,swap,O
249,swap,O
250,Although,O
251,discrete,O
252,circuits,O
253,can,O
254,be,O
255,altered,O
256,in,O
257,principle,O
258,",",O
259,through,O
260,the,O
261,addition,B-func
262,of,O
263,wires,O
264,and/or,O
265,the,O
266,removal,B-func
267,or,O
268,replacement,O
269,of,O
270,components,O
271,",",O
272,ICs,O
273,can,O
274,not,O
275,.,O
276,swap,O
277,swap,O
278,swap,O
279,swap,O
280,swap,O
281,swap,O
282,swap,O
283,swap,O
284,swap,O
285,swap,O
286,swap,O
287,swap,O
288,swap,O
289,swap,O
290,swap,O
291,swap,O
292,swap,O
293,swap,O
294,swap,O
295,swap,O
296,swap,O
297,swap,O
298,swap,O
299,swap,O
300,Correction,O
301,of,O
302,errors,O
303,",",O
304,or,O
305,updates,O
306,to,O
307,the,O
308,software,O
309,",",O
310,require,O
311,new,O
312,devices,O
313,to,O
314,be,O
315,manufactured,O
316,and,O
317,to,O
318,replace,O
319,the,O
320,installed,O
321,device,O
322,.,O
323,swap,O
324,swap,O
325,swap,O
326,swap,O
327,swap,O
328,swap,O
329,swap,O
330,swap,O
331,swap,O
332,swap,O
333,swap,O
334,swap,O
335,swap,O
336,swap,O
337,swap,O
338,swap,O
339,swap,O
340,swap,O
341,swap,O
342,swap,O
343,swap,O
344,swap,O
345,swap,O
346,swap,O
347,swap,O
348,swap,O
349,swap,O
350,Floating,O
351,-,O
352,gate,O
353,ROM,B-hwp
354,semiconductor,I-hwp
355,memory,I-hwp
356,in,O
357,the,O
358,form,O
359,of,O
360,erasable,O
361,programmable,B-hwp
362,read,I-hwp
363,-,I-hwp
364,only,I-hwp
365,memory,I-hwp
366,(,O
367,EPROM,B-hwp
368,),O
369,",",O
370,electrically,O
371,erasable,O
372,programmable,B-hwp
373,read,I-hwp
374,-,I-hwp
375,only,I-hwp
376,memory,I-hwp
377,(,O
378,EEPROM,B-hwp
379,),O
380,and,O
381,flash,B-hwp
382,memory,I-hwp
383,can,O
384,be,O
385,erased,O
386,and,O
387,re,O
388,-,O
389,programmed,O
390,.,O
391,swap,O
392,swap,O
393,swap,O
394,swap,O
395,swap,O
396,swap,O
397,swap,O
398,swap,O
399,swap,O
400,speeds,B-qt
401,",",O
402,may,O
403,require,O
404,special,O
405,equipment,O
406,to,O
407,achieve,O
408,",",O
409,and,O
410,is,O
411,typically,O
412,only,O
413,possible,O
414,a,O
415,certain,O
416,number,O
417,of,O
418,times,O
419,.,O
420,The,O
421,term,O
422,"""",O
423,ROM,B-hwp
424,"""",O
425,is,O
426,sometimes,O
427,used,O
428,to,O
429,a,O
430,ROM,B-hwp
431,device,O
432,containing,O
433,specific,O
434,software,O
435,",",O
436,or,O
437,a,O
438,file,O
439,with,O
440,software,O
441,to,O
442,be,O
443,stored,O
444,in,O
445,EEPROM,B-hwp
446,or,O
447,Flash,B-hwp
448,Memory,I-hwp
449,.,O
450,For,O
451,example,O
452,",",O
453,users,O
454,or,O
455,replacing,O
456,the,O
457,operating,B-sw
458,system,I-sw
459,describe,O
460,files,O
461,containing,O
462,a,O
463,modified,O
464,or,O
465,replacement,O
466,operating,B-sw
467,system,I-sw
468,as,O
469,"""",O
470,custom,O
471,ROMs,B-hwp
472,"""",O
473,after,O
474,the,O
475,type,O
476,of,O
477,storage,O
478,the,O
479,file,O
480,used,O
481,to,O
482,be,O
483,written,B-func
484,to,O
485,.,O
486,swap,O
487,swap,O
488,swap,O
489,swap,O
490,swap,O
491,swap,O
492,swap,O
493,swap,O
494,swap,O
495,swap,O
496,swap,O
497,swap,O
498,swap,O
499,swap,O
500,History,O
501,=,O
502,=,O
503,=,O
504,=,O
505,=,O
506,-,O
507,component,O
508,ROM,B-hwp
509,=,O
510,=,O
511,=,O
512,IBM,O
513,used,O
514,capacitor,B-hwp
515,read,I-hwp
516,-,I-hwp
517,only,O
518,storage,O
519,(,O
520,),O
521,and,O
522,transformer,B-hwc
523,read,I-hwc
524,-,I-hwc
525,only,O
526,storage,O
527,(,O
528,),O
529,to,O
530,store,O
531,microcode,B-sw
532,for,O
533,the,O
534,smaller,O
535,System/360,O
536,models,O
537,",",O
538,the,O
539,",",O
540,and,O
541,the,O
542,initial,O
543,two,O
544,System/370,B-sys
545,models,O
546,(,O
547,and,O
548,),O
549,.,O
550,On,O
551,some,O
552,models,O
553,there,O
554,was,O
555,also,O
556,a,O
557,writeable,O
558,control,O
559,store,O
560,(,O
561,),O
562,for,O
563,additional,O
564,and,O
565,emulation,O
566,support,O
567,.,O
568,swap,O
569,swap,O
570,swap,O
571,swap,O
572,swap,O
573,swap,O
574,swap,O
575,swap,O
576,swap,O
577,swap,O
578,swap,O
579,swap,O
580,swap,O
581,swap,O
582,swap,O
583,swap,O
584,swap,O
585,swap,O
586,swap,O
587,swap,O
588,swap,O
589,swap,O
590,swap,O
591,swap,O
592,swap,O
593,swap,O
594,swap,O
595,swap,O
596,swap,O
597,swap,O
598,swap,O
599,swap,O
600,The,O
601,Apollo,B-sys
602,Guidance,I-sys
603,Computer,I-sys
604,used,O
605,core,B-hwp
606,memory,I-hwp
607,",",O
608,programmed,O
609,by,O
610,threading,O
611,wires,O
612,through,O
613,magnetic,O
614,cores,O
615,.,O
616,swap,O
617,swap,O
618,swap,O
619,swap,O
620,swap,O
621,swap,O
622,swap,O
623,swap,O
624,swap,O
625,swap,O
626,swap,O
627,swap,O
628,swap,O
629,swap,O
630,swap,O
631,swap,O
632,swap,O
633,swap,O
634,swap,O
635,swap,O
636,swap,O
637,swap,O
638,swap,O
639,swap,O
640,swap,O
641,swap,O
642,swap,O
643,swap,O
644,swap,O
645,swap,O
646,swap,O
647,swap,O
648,swap,O
649,swap,O
650,=,O
651,=,O
652,=,O
653,Solid,O
654,-,O
655,state,O
656,ROM,B-hwp
657,=,O
658,=,O
659,=,O
660,The,O
661,simplest,O
662,type,O
663,of,O
664,solid,B-hwc
665,-,I-hwc
666,state,I-hwc
667,ROM,B-hwp
668,is,O
669,as,O
670,old,O
671,as,O
672,the,O
673,semiconductor,O
674,technology,I-hwp
675,itself,O
676,.,O
677,swap,O
678,swap,O
679,swap,O
680,swap,O
681,swap,O
682,swap,O
683,swap,O
684,swap,O
685,swap,O
686,swap,O
687,swap,O
688,swap,O
689,swap,O
690,swap,O
691,swap,O
692,swap,O
693,swap,O
694,swap,O
695,swap,O
696,swap,O
697,swap,O
698,swap,O
699,swap,O
700,logic,O
701,gates,O
702,can,O
703,be,O
704,manually,O
705,to,O
706,map,O
707,n,O
708,-,O
709,bit,B-unit
710,address,O
711,input,O
712,onto,O
713,arbitrary,O
714,values,O
715,of,O
716,m,B-unit
717,-,I-hwp
718,bit,I-unit
719,data,B-qt
720,output,O
721,(,O
722,a,O
723,look,O
724,-,O
725,up,O
726,table,O
727,),O
728,.,O
729,swap,O
730,swap,O
731,swap,O
732,swap,O
733,swap,O
734,swap,O
735,swap,O
736,swap,O
737,swap,O
738,swap,O
739,swap,O
740,swap,O
741,swap,O
742,swap,O
743,swap,O
744,swap,O
745,swap,O
746,swap,O
747,swap,O
748,swap,O
749,swap,O
750,With,O
751,the,O
752,invention,O
753,of,O
754,the,O
755,integrated,O
756,circuit,O
757,came,O
758,mask,O
759,ROM,B-hwp
760,.,O
761,swap,O
762,swap,O
763,swap,O
764,swap,O
765,swap,O
766,swap,O
767,swap,O
768,swap,O
769,swap,O
770,swap,O
771,swap,O
772,swap,O
773,swap,O
774,swap,O
775,swap,O
776,swap,O
777,swap,O
778,swap,O
779,swap,O
780,swap,O
781,swap,O
782,swap,O
783,swap,O
784,swap,O
785,swap,O
786,swap,O
787,swap,O
788,swap,O
789,swap,O
790,swap,O
791,swap,O
792,swap,O
793,swap,O
794,swap,O
795,swap,O
796,swap,O
797,swap,O
798,swap,O
799,swap,O
800,Mask,B-hwp
801,ROM,I-hwp
802,consists,O
803,of,O
804,a,O
805,grid,O
806,of,O
807,word,B-qt
808,lines,O
809,(,O
810,the,O
811,address,O
812,input,O
813,),O
814,and,O
815,bit,B-unit
816,lines,O
817,(,O
818,the,O
819,data,B-qt
820,output,O
821,),O
822,",",O
823,together,O
824,with,O
825,transistor,O
826,switches,O
827,",",O
828,and,O
829,can,O
830,represent,O
831,an,O
832,arbitrary,O
833,look,O
834,-,O
835,up,O
836,table,O
837,with,O
838,a,O
839,regular,O
840,physical,O
841,layout,O
842,and,O
843,predictable,O
844,propagation,B-qt
845,delay,I-qt
846,.,O
847,swap,O
848,swap,O
849,swap,O
850,In,O
851,mask,O
852,ROM,B-hwp
853,",",O
854,the,O
855,data,B-qt
856,is,O
857,physically,O
858,encoded,O
859,in,O
860,the,O
861,circuit,O
862,",",O
863,so,O
864,it,O
865,can,O
866,only,O
867,be,O
868,programmed,O
869,during,O
870,fabrication,O
871,.,O
872,swap,O
873,swap,O
874,swap,O
875,swap,O
876,swap,O
877,swap,O
878,swap,O
879,swap,O
880,swap,O
881,swap,O
882,swap,O
883,swap,O
884,swap,O
885,swap,O
886,swap,O
887,swap,O
888,swap,O
889,swap,O
890,swap,O
891,swap,O
892,swap,O
893,swap,O
894,swap,O
895,swap,O
896,swap,O
897,swap,O
898,swap,O
899,swap,O
900,This,O
901,to,O
902,a,O
903,number,O
904,of,O
905,disadvantages,O
906,:,O
907,It,O
908,is,O
909,only,O
910,economical,O
911,to,O
912,buy,O
913,mask,O
914,ROM,B-hwp
915,in,O
916,large,O
917,quantities,O
918,",",O
919,since,O
920,users,O
921,must,O
922,with,O
923,a,O
924,to,O
925,produce,O
926,a,O
927,custom,O
928,design,O
929,.,O
930,swap,O
931,swap,O
932,swap,O
933,swap,O
934,swap,O
935,swap,O
936,swap,O
937,swap,O
938,swap,O
939,swap,O
940,swap,O
941,swap,O
942,swap,O
943,swap,O
944,swap,O
945,swap,O
946,swap,O
947,swap,O
948,swap,O
949,swap,O
950,The,O
951,turnaround,O
952,time,O
953,between,O
954,completing,O
955,the,O
956,design,O
957,for,O
958,a,O
959,mask,O
960,ROM,B-hwp
961,and,O
962,receiving,O
963,the,O
964,finished,O
965,product,O
966,is,O
967,long,O
968,",",O
969,for,O
970,the,O
971,same,O
972,reason,O
973,.,O
974,swap,O
975,swap,O
976,swap,O
977,swap,O
978,swap,O
979,swap,O
980,swap,O
981,swap,O
982,swap,O
983,swap,O
984,swap,O
985,swap,O
986,swap,O
987,swap,O
988,swap,O
989,swap,O
990,swap,O
991,swap,O
992,swap,O
993,swap,O
994,swap,O
995,swap,O
996,swap,O
997,swap,O
998,swap,O
999,swap,O
1000,Mask,B-hwp
1001,ROM,I-hwp
1002,is,O
1003,impractical,O
1004,for,O
1005,work,O
1006,since,O
1007,designers,O
1008,frequently,O
1009,need,O
1010,to,O
1011,modify,O
1012,the,O
1013,contents,O
1014,of,O
1015,memory,B-hwp
1016,as,O
1017,they,O
1018,a,O
1019,design,O
1020,.,O
1021,swap,O
1022,swap,O
1023,swap,O
1024,swap,O
1025,swap,O
1026,swap,O
1027,swap,O
1028,swap,O
1029,swap,O
1030,swap,O
1031,swap,O
1032,swap,O
1033,swap,O
1034,swap,O
1035,swap,O
1036,swap,O
1037,swap,O
1038,swap,O
1039,swap,O
1040,swap,O
1041,swap,O
1042,swap,O
1043,swap,O
1044,swap,O
1045,swap,O
1046,swap,O
1047,swap,O
1048,swap,O
1049,swap,O
1050,If,O
1051,a,O
1052,product,O
1053,is,O
1054,shipped,O
1055,with,O
1056,faulty,O
1057,mask,O
1058,ROM,B-hwp
1059,",",O
1060,the,O
1061,only,O
1062,way,O
1063,to,O
1064,it,O
1065,is,O
1066,to,O
1067,the,O
1068,product,O
1069,and,O
1070,physically,O
1071,replace,O
1072,the,O
1073,ROM,B-hwp
1074,in,O
1075,every,O
1076,unit,O
1077,shipped,O
1078,.,O
1079,developments,O
1080,have,O
1081,addressed,O
1082,these,O
1083,.,O
1084,swap,O
1085,swap,O
1086,swap,O
1087,swap,O
1088,swap,O
1089,swap,O
1090,swap,O
1091,swap,O
1092,swap,O
1093,swap,O
1094,swap,O
1095,swap,O
1096,swap,O
1097,swap,O
1098,swap,O
1099,swap,O
1100,Programmable,O
1101,read,B-hwp
1102,-,I-hwp
1103,only,I-hwp
1104,memory,I-hwp
1105,(,O
1106,PROM,B-hwp
1107,),O
1108,",",O
1109,invented,O
1110,by,O
1111,in,O
1112,1956,O
1113,",",O
1114,allowed,O
1115,users,O
1116,to,O
1117,program,O
1118,its,O
1119,contents,O
1120,exactly,O
1121,once,O
1122,by,O
1123,physically,O
1124,altering,O
1125,its,O
1126,structure,O
1127,with,O
1128,the,O
1129,application,O
1130,of,O
1131,high,O
1132,-,O
1133,voltage,I-qt
1134,pulses,O
1135,.,O
1136,swap,O
1137,swap,O
1138,swap,O
1139,swap,O
1140,swap,O
1141,swap,O
1142,swap,O
1143,swap,O
1144,swap,O
1145,swap,O
1146,swap,O
1147,swap,O
1148,swap,O
1149,swap,O
1150,This,O
1151,addressed,O
1152,problems,O
1153,1,O
1154,and,O
1155,2,O
1156,above,O
1157,",",O
1158,since,O
1159,a,O
1160,company,O
1161,can,O
1162,simply,O
1163,order,O
1164,a,O
1165,large,O
1166,batch,O
1167,of,O
1168,PROM,B-hwp
1169,chips,O
1170,and,O
1171,program,O
1172,them,O
1173,with,O
1174,the,O
1175,desired,O
1176,contents,O
1177,at,O
1178,its,O
1179,designers,O
1180,',O
1181,convenience,O
1182,.,O
1183,swap,O
1184,swap,O
1185,swap,O
1186,swap,O
1187,swap,O
1188,swap,O
1189,swap,O
1190,swap,O
1191,swap,O
1192,swap,O
1193,swap,O
1194,swap,O
1195,swap,O
1196,swap,O
1197,swap,O
1198,swap,O
1199,swap,O
1200,semiconductor,O
1201,field,O
1202,-,O
1203,effect,O
1204,transistor,O
1205,(,O
1206,MOSFET,O
1207,),O
1208,",",O
1209,invented,O
1210,at,O
1211,Bell,O
1212,Labs,O
1213,in,O
1214,1959,O
1215,",",O
1216,enabled,O
1217,the,O
1218,practical,O
1219,use,O
1220,of,O
1221,metal,O
1222,–,O
1223,oxide,O
1224,–,O
1225,semiconductor,O
1226,(,O
1227,MOS,O
1228,),O
1229,transistors,O
1230,as,O
1231,memory,O
1232,cell,O
1233,storage,O
1234,elements,O
1235,in,O
1236,semiconductor,B-hwp
1237,memory,I-hwp
1238,",",O
1239,a,O
1240,function,O
1241,previously,O
1242,served,O
1243,by,O
1244,magnetic,O
1245,cores,O
1246,in,O
1247,computer,B-hwp
1248,memory,I-hwp
1249,.,O
1250,In,O
1251,1967,O
1252,",",O
1253,Dawon,O
1254,Kahng,O
1255,and,O
1256,of,O
1257,Bell,O
1258,Labs,O
1259,proposed,O
1260,that,O
1261,the,O
1262,floating,O
1263,gate,O
1264,of,O
1265,a,O
1266,MOS,O
1267,semiconductor,I-hwp
1268,device,O
1269,could,O
1270,be,O
1271,used,O
1272,for,O
1273,the,O
1274,cell,O
1275,of,O
1276,a,O
1277,ROM,B-hwp
1278,",",O
1279,which,O
1280,led,O
1281,to,O
1282,of,O
1283,Intel,B-hwp
1284,erasable,O
1285,programmable,B-hwp
1286,read,I-hwp
1287,-,I-hwp
1288,only,I-hwp
1289,memory,I-hwp
1290,(,O
1291,EPROM,B-hwp
1292,),O
1293,in,O
1294,1971,O
1295,.,O
1296,swap,O
1297,swap,O
1298,swap,O
1299,swap,O
1300,The,O
1301,1971,O
1302,invention,O
1303,of,O
1304,EPROM,B-hwp
1305,essentially,O
1306,problem,O
1307,3,O
1308,",",O
1309,since,O
1310,EPROM,B-hwp
1311,(,O
1312,unlike,O
1313,PROM,B-hwp
1314,),O
1315,can,O
1316,be,O
1317,repeatedly,O
1318,reset,B-func
1319,to,O
1320,its,O
1321,state,O
1322,by,O
1323,exposure,O
1324,to,O
1325,strong,O
1326,ultraviolet,O
1327,light,O
1328,.,O
1329,swap,O
1330,swap,O
1331,swap,O
1332,swap,O
1333,swap,O
1334,swap,O
1335,swap,O
1336,swap,O
1337,swap,O
1338,swap,O
1339,swap,O
1340,swap,O
1341,swap,O
1342,swap,O
1343,swap,O
1344,swap,O
1345,swap,O
1346,swap,O
1347,swap,O
1348,swap,O
1349,swap,O
1350,the,O
1351,Laboratory,O
1352,in,O
1353,1972,O
1354,",",O
1355,a,O
1356,long,O
1357,way,O
1358,to,O
1359,problem,O
1360,4,O
1361,",",O
1362,since,O
1363,an,O
1364,EEPROM,B-hwp
1365,can,O
1366,be,O
1367,programmed,O
1368,in,O
1369,-,O
1370,place,O
1371,if,O
1372,the,O
1373,containing,O
1374,device,O
1375,provides,O
1376,a,O
1377,means,O
1378,to,O
1379,receive,O
1380,the,O
1381,program,O
1382,contents,O
1383,from,O
1384,an,O
1385,external,O
1386,source,O
1387,(,O
1388,for,O
1389,example,O
1390,",",O
1391,a,O
1392,personal,O
1393,computer,B-sys
1394,via,O
1395,a,O
1396,serial,B-hwp
1397,cable,I-hwp
1398,),O
1399,.,O
1400,Flash,B-hwp
1401,memory,I-hwp
1402,",",O
1403,invented,O
1404,by,O
1405,at,O
1406,Toshiba,O
1407,in,O
1408,the,O
1409,early,O
1410,1980s,O
1411,and,O
1412,in,O
1413,the,O
1414,late,O
1415,1980s,O
1416,",",O
1417,is,O
1418,a,O
1419,form,O
1420,of,O
1421,EEPROM,B-hwp
1422,that,O
1423,makes,O
1424,very,O
1425,efficient,O
1426,use,O
1427,of,O
1428,chip,O
1429,area,O
1430,and,O
1431,can,O
1432,be,O
1433,erased,O
1434,and,O
1435,thousands,O
1436,of,O
1437,times,O
1438,without,O
1439,damage,O
1440,.,O
1441,swap,O
1442,swap,O
1443,swap,O
1444,swap,O
1445,swap,O
1446,swap,O
1447,swap,O
1448,swap,O
1449,swap,O
1450,It,O
1451,erasure,O
1452,and,O
1453,programming,O
1454,of,O
1455,only,O
1456,a,O
1457,specific,O
1458,part,O
1459,of,O
1460,the,O
1461,device,O
1462,",",O
1463,instead,O
1464,of,O
1465,the,O
1466,entire,O
1467,device,O
1468,.,O
1469,swap,O
1470,swap,O
1471,swap,O
1472,swap,O
1473,swap,O
1474,swap,O
1475,swap,O
1476,swap,O
1477,swap,O
1478,swap,O
1479,swap,O
1480,swap,O
1481,swap,O
1482,swap,O
1483,swap,O
1484,swap,O
1485,swap,O
1486,swap,O
1487,swap,O
1488,swap,O
1489,swap,O
1490,swap,O
1491,swap,O
1492,swap,O
1493,swap,O
1494,swap,O
1495,swap,O
1496,swap,O
1497,swap,O
1498,swap,O
1499,swap,O
1500,This,O
1501,can,O
1502,be,O
1503,done,O
1504,at,O
1505,high,O
1506,speed,B-qt
1507,",",O
1508,hence,O
1509,the,O
1510,name,O
1511,"""",O
1512,.,O
1513,All,O
1514,of,O
1515,these,O
1516,technologies,O
1517,improved,O
1518,the,O
1519,flexibility,O
1520,of,O
1521,ROM,B-hwp
1522,",",O
1523,but,O
1524,at,O
1525,a,O
1526,significant,O
1527,cost,O
1528,-,O
1529,per,O
1530,-,O
1531,chip,O
1532,",",O
1533,so,O
1534,that,O
1535,in,O
1536,large,O
1537,quantities,O
1538,mask,O
1539,ROM,B-hwp
1540,would,O
1541,remain,O
1542,an,O
1543,economical,O
1544,for,O
1545,many,O
1546,years,O
1547,.,O
1548,swap,O
1549,swap,O
1550,(,O
1551,cost,B-qt
1552,of,O
1553,devices,O
1554,had,O
1555,almost,O
1556,eliminated,O
1557,the,O
1558,market,O
1559,for,O
1560,mask,O
1561,ROM,B-hwp
1562,by,O
1563,2000,O
1564,.,O
1565,),O
1566,swap,O
1567,swap,O
1568,swap,O
1569,swap,O
1570,swap,O
1571,swap,O
1572,swap,O
1573,swap,O
1574,swap,O
1575,swap,O
1576,swap,O
1577,swap,O
1578,swap,O
1579,swap,O
1580,swap,O
1581,swap,O
1582,swap,O
1583,swap,O
1584,swap,O
1585,swap,O
1586,swap,O
1587,swap,O
1588,swap,O
1589,swap,O
1590,swap,O
1591,swap,O
1592,swap,O
1593,swap,O
1594,swap,O
1595,swap,O
1596,swap,O
1597,swap,O
1598,swap,O
1599,swap,O
1600,technologies,O
1601,were,O
1602,as,O
1603,for,O
1604,mask,O
1605,ROM,B-hwp
1606,.,O
1607,swap,O
1608,swap,O
1609,swap,O
1610,swap,O
1611,swap,O
1612,swap,O
1613,swap,O
1614,swap,O
1615,swap,O
1616,swap,O
1617,swap,O
1618,swap,O
1619,swap,O
1620,swap,O
1621,swap,O
1622,swap,O
1623,swap,O
1624,swap,O
1625,swap,O
1626,swap,O
1627,swap,O
1628,swap,O
1629,swap,O
1630,swap,O
1631,swap,O
1632,swap,O
1633,swap,O
1634,swap,O
1635,swap,O
1636,swap,O
1637,swap,O
1638,swap,O
1639,swap,O
1640,swap,O
1641,swap,O
1642,swap,O
1643,swap,O
1644,swap,O
1645,swap,O
1646,swap,O
1647,swap,O
1648,swap,O
1649,swap,O
1650,The,O
1651,most,O
1652,recent,O
1653,development,O
1654,is,O
1655,NAND,B-hwp
1656,flash,I-hwp
1657,",",O
1658,also,O
1659,invented,O
1660,at,O
1661,Toshiba,O
1662,.,O
1663,swap,O
1664,swap,O
1665,swap,O
1666,swap,O
1667,swap,O
1668,swap,O
1669,swap,O
1670,swap,O
1671,swap,O
1672,swap,O
1673,swap,O
1674,swap,O
1675,swap,O
1676,swap,O
1677,swap,O
1678,swap,O
1679,swap,O
1680,swap,O
1681,swap,O
1682,swap,O
1683,swap,O
1684,swap,O
1685,swap,O
1686,swap,O
1687,swap,O
1688,swap,O
1689,swap,O
1690,swap,O
1691,swap,O
1692,swap,O
1693,swap,O
1694,swap,O
1695,swap,O
1696,swap,O
1697,swap,O
1698,swap,O
1699,swap,O
1700,Its,O
1701,designers,O
1702,explicitly,O
1703,from,O
1704,past,O
1705,practice,O
1706,",",O
1707,that,O
1708,"""",O
1709,the,O
1710,aim,O
1711,of,O
1712,NAND,B-hwp
1713,flash,O
1714,is,O
1715,to,O
1716,replace,O
1717,hard,B-hwc
1718,disks,I-hwp
1719,",",O
1720,"""",O
1721,rather,O
1722,than,O
1723,the,O
1724,traditional,O
1725,use,O
1726,of,O
1727,ROM,B-hwp
1728,as,O
1729,a,O
1730,form,O
1731,of,O
1732,non,B-hwp
1733,-,I-hwp
1734,volatile,I-hwp
1735,primary,O
1736,storage,O
1737,.,O
1738,swap,O
1739,swap,O
1740,swap,O
1741,swap,O
1742,swap,O
1743,swap,O
1744,swap,O
1745,swap,O
1746,swap,O
1747,swap,O
1748,swap,O
1749,swap,O
1750,2021,O
1751,",",O
1752,NAND,O
1753,has,O
1754,nearly,O
1755,completely,O
1756,achieved,O
1757,this,O
1758,goal,O
1759,by,O
1760,offering,O
1761,throughput,O
1762,higher,O
1763,than,O
1764,hard,B-hwc
1765,disks,I-hwc
1766,",",O
1767,lower,O
1768,latency,I-qt
1769,",",O
1770,higher,O
1771,tolerance,O
1772,of,O
1773,physical,O
1774,shock,B-qt
1775,",",O
1776,miniaturization,O
1777,(,O
1778,in,O
1779,the,O
1780,form,O
1781,of,O
1782,USB,B-hwc
1783,flash,I-hwc
1784,drives,I-hwc
1785,and,O
1786,tiny,O
1787,memory,B-hwp
1788,cards,I-hwc
1789,",",O
1790,for,O
1791,example,O
1792,),O
1793,",",O
1794,and,O
1795,much,O
1796,lower,O
1797,power,B-qt
1798,consumption,I-qt
1799,.,O
1800,volatile,I-hwc
1801,storage,I-hwc
1802,(,O
1803,that,O
1804,is,O
1805,",",O
1806,storage,O
1807,that,O
1808,its,O
1809,data,B-qt
1810,when,I-qt
1811,power,B-qt
1812,is,O
1813,removed,O
1814,),O
1815,to,O
1816,store,O
1817,the,O
1818,initial,O
1819,program,O
1820,that,O
1821,runs,O
1822,when,O
1823,the,O
1824,computer,O
1825,is,O
1826,powered,O
1827,on,O
1828,or,O
1829,otherwise,O
1830,begins,O
1831,execution,B-func
1832,(,O
1833,a,O
1834,process,O
1835,known,O
1836,as,O
1837,",",O
1838,often,O
1839,to,O
1840,"""",O
1841,booting,O
1842,"""",O
1843,or,O
1844,"""",O
1845,booting,O
1846,up,O
1847,"""",O
1848,),O
1849,.,O
1850,Likewise,O
1851,",",O
1852,every,O
1853,non,O
1854,-,O
1855,trivial,O
1856,computer,O
1857,needs,O
1858,some,O
1859,form,O
1860,of,O
1861,memory,B-hwp
1862,to,O
1863,record,O
1864,changes,O
1865,in,O
1866,its,O
1867,state,O
1868,as,O
1869,it,O
1870,executes,B-func
1871,.,O
1872,swap,O
1873,swap,O
1874,swap,O
1875,swap,O
1876,swap,O
1877,swap,O
1878,swap,O
1879,swap,O
1880,swap,O
1881,swap,O
1882,swap,O
1883,swap,O
1884,swap,O
1885,swap,O
1886,swap,O
1887,swap,O
1888,swap,O
1889,swap,O
1890,swap,O
1891,swap,O
1892,swap,O
1893,swap,O
1894,swap,O
1895,swap,O
1896,swap,O
1897,swap,O
1898,swap,O
1899,swap,O
1900,of,O
1901,read,B-hwp
1902,-,I-hwp
1903,only,I-hwp
1904,memory,I-hwp
1905,were,O
1906,employed,O
1907,as,O
1908,non,O
1909,-,O
1910,volatile,I-hwp
1911,storage,O
1912,for,O
1913,programs,B-sw
1914,in,O
1915,most,O
1916,early,O
1917,stored,O
1918,-,O
1919,program,I-sys
1920,computers,I-sys
1921,",",O
1922,such,O
1923,as,O
1924,ENIAC,B-sys
1925,after,O
1926,1948,O
1927,.,O
1928,swap,O
1929,swap,O
1930,swap,O
1931,swap,O
1932,swap,O
1933,swap,O
1934,swap,O
1935,swap,O
1936,swap,O
1937,swap,O
1938,swap,O
1939,swap,O
1940,swap,O
1941,swap,O
1942,swap,O
1943,swap,O
1944,swap,O
1945,swap,O
1946,swap,O
1947,swap,O
1948,swap,O
1949,swap,O
1950,(,O
1951,then,O
1952,it,O
1953,was,O
1954,not,O
1955,a,O
1956,stored,O
1957,-,O
1958,program,B-sys
1959,computer,I-sys
1960,as,O
1961,every,O
1962,program,B-sw
1963,had,O
1964,to,O
1965,be,O
1966,manually,O
1967,wired,O
1968,into,O
1969,the,O
1970,machine,O
1971,",",O
1972,which,O
1973,could,O
1974,take,O
1975,days,O
1976,to,O
1977,.,O
1978,),O
1979,swap,O
1980,swap,O
1981,swap,O
1982,swap,O
1983,swap,O
1984,swap,O
1985,swap,O
1986,swap,O
1987,swap,O
1988,swap,O
1989,swap,O
1990,swap,O
1991,swap,O
1992,swap,O
1993,swap,O
1994,swap,O
1995,swap,O
1996,swap,O
1997,swap,O
1998,swap,O
1999,swap,O
2000,-,I-hwp
2001,only,I-hwp
2002,memory,I-hwp
2003,was,O
2004,simpler,O
2005,to,O
2006,implement,O
2007,since,O
2008,it,O
2009,needed,O
2010,only,O
2011,a,O
2012,mechanism,O
2013,to,O
2014,read,O
2015,stored,O
2016,values,O
2017,",",O
2018,and,O
2019,not,O
2020,to,O
2021,change,O
2022,them,O
2023,in,O
2024,-,O
2025,place,O
2026,",",O
2027,and,O
2028,thus,O
2029,could,O
2030,be,O
2031,implemented,O
2032,with,O
2033,very,O
2034,devices,O
2035,(,O
2036,see,O
2037,historical,O
2038,examples,O
2039,below,O
2040,),O
2041,.,O
2042,swap,O
2043,swap,O
2044,swap,O
2045,swap,O
2046,swap,O
2047,swap,O
2048,swap,O
2049,swap,O
2050,cell,O
2051,",",O
2052,since,O
2053,the,O
2054,latter,O
2055,needs,O
2056,a,O
2057,latch,O
2058,(,O
2059,comprising,O
2060,5,B-mea
2061,-,O
2062,20,O
2063,transistors,O
2064,),O
2065,to,O
2066,retain,O
2067,its,O
2068,contents,O
2069,",",O
2070,while,O
2071,a,O
2072,ROM,O
2073,cell,O
2074,might,O
2075,consist,O
2076,of,O
2077,the,O
2078,absence,O
2079,(,O
2080,logical,O
2081,0,O
2082,),O
2083,or,O
2084,presence,O
2085,(,O
2086,logical,O
2087,1,O
2088,),O
2089,of,O
2090,one,O
2091,transistor,O
2092,a,O
2093,bit,B-unit
2094,line,O
2095,to,O
2096,a,O
2097,word,B-unit
2098,line,O
2099,.,O
2100,Consequently,O
2101,",",O
2102,ROM,B-hwp
2103,could,O
2104,be,O
2105,implemented,O
2106,at,O
2107,a,O
2108,lower,O
2109,cost,B-unit
2110,-,I-hwp
2111,per,I-hwp
2112,-,I-hwp
2113,bit,I-hwp
2114,than,O
2115,RAM,B-hwp
2116,for,O
2117,many,O
2118,years,O
2119,.,O
2120,swap,O
2121,swap,O
2122,swap,O
2123,swap,O
2124,swap,O
2125,swap,O
2126,swap,O
2127,swap,O
2128,swap,O
2129,swap,O
2130,swap,O
2131,swap,O
2132,swap,O
2133,swap,O
2134,swap,O
2135,swap,O
2136,swap,O
2137,swap,O
2138,swap,O
2139,swap,O
2140,swap,O
2141,swap,O
2142,swap,O
2143,swap,O
2144,swap,O
2145,swap,O
2146,swap,O
2147,swap,O
2148,swap,O
2149,swap,O
2150,Most,O
2151,home,B-sys
2152,computers,I-sys
2153,of,O
2154,the,O
2155,1980s,O
2156,stored,O
2157,a,O
2158,BASIC,O
2159,interpreter,B-sw
2160,or,O
2161,operating,B-sw
2162,system,I-sw
2163,in,O
2164,ROM,B-hwp
2165,as,O
2166,other,O
2167,forms,O
2168,of,O
2169,non,B-comp
2170,-,I-comp
2171,volatile,I-comp
2172,storage,I-comp
2173,such,O
2174,as,O
2175,magnetic,B-hwc
2176,disk,I-hwc
2177,drives,I-hwc
2178,were,O
2179,too,O
2180,costly,B-qt
2181,.,O
2182,swap,O
2183,swap,O
2184,swap,O
2185,swap,O
2186,swap,O
2187,swap,O
2188,swap,O
2189,swap,O
2190,swap,O
2191,swap,O
2192,swap,O
2193,swap,O
2194,swap,O
2195,swap,O
2196,swap,O
2197,swap,O
2198,swap,O
2199,swap,O
2200,For,O
2201,example,O
2202,",",O
2203,the,O
2204,Commodore,O
2205,64,B-mea
2206,included,O
2207,64,B-mea
2208,KB,O
2209,of,O
2210,RAM,B-hwp
2211,and,O
2212,20,O
2213,KB,O
2214,of,O
2215,ROM,B-hwp
2216,containing,O
2217,a,O
2218,BASIC,O
2219,interpreter,O
2220,and,O
2221,the,O
2222,operating,O
2223,system,O
2224,.,O
2225,swap,O
2226,swap,O
2227,swap,O
2228,swap,O
2229,swap,O
2230,swap,O
2231,swap,O
2232,swap,O
2233,swap,O
2234,swap,O
2235,swap,O
2236,swap,O
2237,swap,O
2238,swap,O
2239,swap,O
2240,swap,O
2241,swap,O
2242,swap,O
2243,swap,O
2244,swap,O
2245,swap,O
2246,swap,O
2247,swap,O
2248,swap,O
2249,swap,O
2250,IBM,O
2251,PC,B-sys
2252,XT,I-sys
2253,often,O
2254,included,O
2255,magnetic,B-hwc
2256,disk,I-hwc
2257,drives,I-hwc
2258,",",O
2259,and,O
2260,larger,O
2261,amounts,O
2262,of,O
2263,RAM,B-hwp
2264,",",O
2265,allowing,O
2266,them,O
2267,to,O
2268,load,B-hwp
2269,their,O
2270,operating,B-sw
2271,systems,I-hwp
2272,from,O
2273,disk,B-hwp
2274,into,O
2275,RAM,B-hwp
2276,",",O
2277,with,O
2278,only,O
2279,a,O
2280,minimal,O
2281,hardware,O
2282,initialization,O
2283,core,O
2284,and,O
2285,remaining,O
2286,in,O
2287,ROM,B-hwp
2288,(,O
2289,known,O
2290,as,O
2291,the,O
2292,BIOS,O
2293,in,O
2294,IBM,O
2295,-,O
2296,compatible,O
2297,computers,B-sys
2298,),O
2299,.,O
2300,This,O
2301,allowed,O
2302,for,O
2303,a,O
2304,more,O
2305,complex,O
2306,and,O
2307,easily,O
2308,upgradeable,O
2309,operating,O
2310,system,O
2311,.,O
2312,swap,O
2313,swap,O
2314,swap,O
2315,swap,O
2316,swap,O
2317,swap,O
2318,swap,O
2319,swap,O
2320,swap,O
2321,swap,O
2322,swap,O
2323,swap,O
2324,swap,O
2325,swap,O
2326,swap,O
2327,swap,O
2328,swap,O
2329,swap,O
2330,swap,O
2331,swap,O
2332,swap,O
2333,swap,O
2334,swap,O
2335,swap,O
2336,swap,O
2337,swap,O
2338,swap,O
2339,swap,O
2340,swap,O
2341,swap,O
2342,swap,O
2343,swap,O
2344,swap,O
2345,swap,O
2346,swap,O
2347,swap,O
2348,swap,O
2349,swap,O
2350,"""",O
2351,is,O
2352,used,O
2353,to,O
2354,store,O
2355,the,O
2356,basic,O
2357,firmware,B-sw
2358,for,O
2359,the,O
2360,processor,B-hwp
2361,",",O
2362,as,O
2363,well,O
2364,as,O
2365,the,O
2366,various,O
2367,firmware,B-sw
2368,needed,O
2369,to,O
2370,internally,O
2371,control,O
2372,self,O
2373,-,O
2374,contained,O
2375,devices,O
2376,such,O
2377,as,O
2378,cards,O
2379,",",O
2380,hard,B-hwc
2381,disk,I-hwc
2382,drives,I-hwc
2383,",",O
2384,solid,B-hwc
2385,state,I-hwc
2386,drives,I-hwc
2387,",",O
2388,optical,B-hwc
2389,disc,I-hwc
2390,drives,I-hwc
2391,",",O
2392,",",O
2393,etc,O
2394,.,O
2395,",",O
2396,in,O
2397,the,O
2398,system,O
2399,.,O
2400,Today,O
2401,",",O
2402,many,O
2403,of,O
2404,these,O
2405,"""",O
2406,read,B-func
2407,-,O
2408,only,O
2409,"""",O
2410,memories,B-hwp
2411,–,O
2412,especially,O
2413,the,O
2414,BIOS,B-sw
2415,/,I-func
2416,–,O
2417,are,O
2418,often,O
2419,replaced,O
2420,with,O
2421,EEPROM,B-hwp
2422,or,O
2423,Flash,B-hwp
2424,memory,I-hwp
2425,(,O
2426,see,O
2427,below,O
2428,),O
2429,",",O
2430,to,O
2431,permit,O
2432,in,O
2433,-,O
2434,place,O
2435,reprogramming,O
2436,should,O
2437,the,O
2438,need,O
2439,for,O
2440,a,O
2441,firmware,B-sw
2442,upgrade,O
2443,arise,O
2444,.,O
2445,swap,O
2446,swap,O
2447,swap,O
2448,swap,O
2449,swap,O
2450,However,O
2451,",",O
2452,simple,O
2453,and,O
2454,mature,O
2455,sub,O
2456,-,O
2457,systems,I-comp
2458,(,O
2459,such,O
2460,as,O
2461,the,O
2462,keyboard,B-hwc
2463,or,O
2464,some,O
2465,communication,O
2466,controllers,B-comp
2467,in,O
2468,the,O
2469,integrated,O
2470,circuits,O
2471,on,O
2472,the,O
2473,main,O
2474,board,I-comp
2475,",",O
2476,for,O
2477,example,O
2478,),O
2479,may,O
2480,employ,O
2481,mask,O
2482,ROM,B-hwp
2483,or,O
2484,OTP,O
2485,(,O
2486,one,O
2487,-,O
2488,time,O
2489,programmable,O
2490,),O
2491,.,O
2492,swap,O
2493,swap,O
2494,swap,O
2495,swap,O
2496,swap,O
2497,swap,O
2498,swap,O
2499,swap,O
2500,ROM,B-hwp
2501,and,O
2502,successor,O
2503,technologies,O
2504,such,O
2505,as,O
2506,flash,B-sys
2507,are,O
2508,in,O
2509,embedded,B-sys
2510,systems,I-sys
2511,.,O
2512,swap,O
2513,swap,O
2514,swap,O
2515,swap,O
2516,swap,O
2517,swap,O
2518,swap,O
2519,swap,O
2520,swap,O
2521,swap,O
2522,swap,O
2523,swap,O
2524,swap,O
2525,swap,O
2526,swap,O
2527,swap,O
2528,swap,O
2529,swap,O
2530,swap,O
2531,swap,O
2532,swap,O
2533,swap,O
2534,swap,O
2535,swap,O
2536,swap,O
2537,swap,O
2538,swap,O
2539,swap,O
2540,swap,O
2541,swap,O
2542,swap,O
2543,swap,O
2544,swap,O
2545,swap,O
2546,swap,O
2547,swap,O
2548,swap,O
2549,swap,O
2550,These,O
2551,are,O
2552,in,O
2553,from,O
2554,to,O
2555,home,O
2556,appliances,B-sys
2557,and,O
2558,consumer,O
2559,electronics,O
2560,(,O
2561,MP3,B-sys
2562,players,I-sys
2563,",",O
2564,set,O
2565,-,O
2566,top,O
2567,",",O
2568,etc,O
2569,.,O
2570,),O
2571,swap,O
2572,swap,O
2573,swap,O
2574,swap,O
2575,swap,O
2576,swap,O
2577,swap,O
2578,swap,O
2579,swap,O
2580,swap,O
2581,swap,O
2582,swap,O
2583,swap,O
2584,swap,O
2585,swap,O
2586,swap,O
2587,swap,O
2588,swap,O
2589,swap,O
2590,swap,O
2591,swap,O
2592,swap,O
2593,swap,O
2594,swap,O
2595,swap,O
2596,swap,O
2597,swap,O
2598,swap,O
2599,swap,O
2600,all,O
2601,of,O
2602,which,O
2603,are,O
2604,designed,O
2605,for,O
2606,specific,O
2607,functions,O
2608,",",O
2609,but,O
2610,are,O
2611,based,O
2612,on,O
2613,general,B-hwp
2614,-,O
2615,purpose,I-hwp
2616,microprocessors,I-hwp
2617,.,O
2618,swap,O
2619,swap,O
2620,swap,O
2621,swap,O
2622,swap,O
2623,swap,O
2624,swap,O
2625,swap,O
2626,swap,O
2627,swap,O
2628,swap,O
2629,swap,O
2630,swap,O
2631,swap,O
2632,swap,O
2633,swap,O
2634,swap,O
2635,swap,O
2636,swap,O
2637,swap,O
2638,swap,O
2639,swap,O
2640,swap,O
2641,swap,O
2642,swap,O
2643,swap,O
2644,swap,O
2645,swap,O
2646,swap,O
2647,swap,O
2648,swap,O
2649,swap,O
2650,With,O
2651,software,O
2652,usually,O
2653,tightly,O
2654,coupled,O
2655,to,O
2656,hardware,O
2657,",",O
2658,program,O
2659,changes,O
2660,are,O
2661,rarely,O
2662,needed,O
2663,in,O
2664,such,O
2665,devices,B-sys
2666,(,O
2667,which,O
2668,typically,O
2669,lack,O
2670,hard,B-hwc
2671,disks,B-hwp
2672,for,O
2673,reasons,O
2674,of,O
2675,cost,B-qt
2676,",",O
2677,size,B-qt
2678,",",O
2679,or,O
2680,power,B-qt
2681,consumption,I-qt
2682,),O
2683,.,O
2684,swap,O
2685,swap,O
2686,swap,O
2687,swap,O
2688,swap,O
2689,swap,O
2690,swap,O
2691,swap,O
2692,swap,O
2693,swap,O
2694,swap,O
2695,swap,O
2696,swap,O
2697,swap,O
2698,swap,O
2699,swap,O
2700,As,O
2701,of,O
2702,2008,O
2703,",",O
2704,most,O
2705,products,O
2706,use,O
2707,Flash,B-sw
2708,rather,I-func
2709,than,O
2710,mask,B-hwp
2711,ROM,B-hwp
2712,",",O
2713,and,O
2714,many,O
2715,provide,O
2716,some,O
2717,means,O
2718,for,O
2719,to,O
2720,a,O
2721,PC,O
2722,for,O
2723,firmware,B-sw
2724,updates,O
2725,;,O
2726,for,O
2727,example,O
2728,",",O
2729,a,O
2730,digital,O
2731,audio,O
2732,player,O
2733,might,O
2734,be,O
2735,updated,O
2736,to,O
2737,support,O
2738,a,O
2739,new,O
2740,file,O
2741,format,O
2742,.,O
2743,swap,O
2744,swap,O
2745,swap,O
2746,swap,O
2747,swap,O
2748,swap,O
2749,swap,O
2750,Some,O
2751,hobbyists,O
2752,have,O
2753,taken,O
2754,advantage,O
2755,of,O
2756,this,O
2757,flexibility,O
2758,to,O
2759,reprogram,O
2760,consumer,O
2761,products,O
2762,for,O
2763,new,O
2764,purposes,O
2765,;,O
2766,for,O
2767,example,O
2768,",",O
2769,the,O
2770,and,O
2771,have,O
2772,enabled,O
2773,users,O
2774,to,O
2775,run,O
2776,full,O
2777,-,O
2778,featured,O
2779,Linux,O
2780,on,O
2781,their,O
2782,MP3,B-sys
2783,players,I-hwp
2784,and,O
2785,wireless,B-hwc
2786,routers,O
2787,",",O
2788,respectively,O
2789,.,O
2790,swap,O
2791,swap,O
2792,swap,O
2793,swap,O
2794,swap,O
2795,swap,O
2796,swap,O
2797,swap,O
2798,swap,O
2799,swap,O
2800,ROM,B-hwp
2801,is,O
2802,also,O
2803,useful,O
2804,for,O
2805,binary,O
2806,storage,I-func
2807,of,O
2808,data,B-qt
2809,",",O
2810,as,O
2811,it,O
2812,makes,O
2813,them,O
2814,difficult,O
2815,to,O
2816,replace,O
2817,",",O
2818,which,O
2819,may,O
2820,be,O
2821,desirable,O
2822,in,O
2823,order,O
2824,to,O
2825,enhance,O
2826,information,O
2827,security,O
2828,.,O
2829,swap,O
2830,swap,O
2831,swap,O
2832,swap,O
2833,swap,O
2834,swap,O
2835,swap,O
2836,swap,O
2837,swap,O
2838,swap,O
2839,swap,O
2840,swap,O
2841,swap,O
2842,swap,O
2843,swap,O
2844,swap,O
2845,swap,O
2846,swap,O
2847,swap,O
2848,swap,O
2849,swap,O
2850,=,O
2851,=,O
2852,=,O
2853,Use,O
2854,for,O
2855,storing,B-func
2856,data,I-qt
2857,=,O
2858,=,O
2859,=,O
2860,Since,O
2861,ROM,B-hwp
2862,(,O
2863,at,O
2864,least,O
2865,in,O
2866,hard,B-hwp
2867,-,I-hwp
2868,wired,I-hwp
2869,mask,O
2870,form,O
2871,),O
2872,can,O
2873,not,O
2874,be,O
2875,modified,O
2876,",",O
2877,it,O
2878,is,O
2879,only,O
2880,suitable,O
2881,for,O
2882,storing,B-func
2883,data,I-func
2884,which,O
2885,is,O
2886,not,O
2887,expected,O
2888,to,O
2889,need,O
2890,for,O
2891,the,O
2892,life,O
2893,of,O
2894,the,O
2895,device,B-sys
2896,.,O
2897,swap,O
2898,swap,O
2899,swap,O
2900,To,O
2901,that,O
2902,end,O
2903,",",O
2904,ROM,B-hwp
2905,has,O
2906,been,O
2907,used,O
2908,in,O
2909,many,O
2910,computers,B-sys
2911,to,O
2912,store,O
2913,look,O
2914,-,O
2915,up,O
2916,tables,O
2917,for,O
2918,the,O
2919,of,O
2920,mathematical,B-func
2921,and,O
2922,logical,B-func
2923,functions,I-func
2924,(,O
2925,for,O
2926,example,O
2927,",",O
2928,a,O
2929,floating,B-hwsp
2930,-,I-hwsp
2931,point,I-hwsp
2932,unit,I-hwsp
2933,might,O
2934,the,O
2935,sine,O
2936,function,O
2937,in,O
2938,order,O
2939,to,O
2940,facilitate,O
2941,faster,O
2942,computation,O
2943,),O
2944,.,O
2945,swap,O
2946,swap,O
2947,swap,O
2948,swap,O
2949,swap,O
2950,This,O
2951,was,O
2952,especially,O
2953,effective,B-hwp
2954,when,O
2955,CPUs,B-hwp
2956,were,O
2957,slow,O
2958,and,O
2959,ROM,B-hwp
2960,was,O
2961,cheap,O
2962,compared,O
2963,to,O
2964,RAM,B-hwp
2965,.,O
2966,swap,O
2967,swap,O
2968,swap,O
2969,swap,O
2970,swap,O
2971,swap,O
2972,swap,O
2973,swap,O
2974,swap,O
2975,swap,O
2976,swap,O
2977,swap,O
2978,swap,O
2979,swap,O
2980,swap,O
2981,swap,O
2982,swap,O
2983,swap,O
2984,swap,O
2985,swap,O
2986,swap,O
2987,swap,O
2988,swap,O
2989,swap,O
2990,swap,O
2991,swap,O
2992,swap,O
2993,swap,O
2994,swap,O
2995,swap,O
2996,swap,O
2997,swap,O
2998,swap,O
2999,swap,O
3000,",",O
3001,the,O
3002,display,O
3003,adapters,B-hwc
3004,of,O
3005,early,O
3006,personal,B-sys
3007,computers,I-sys
3008,stored,O
3009,tables,O
3010,of,O
3011,bitmapped,O
3012,characters,O
3013,in,O
3014,ROM,B-hwp
3015,.,O
3016,swap,O
3017,swap,O
3018,swap,O
3019,swap,O
3020,swap,O
3021,swap,O
3022,swap,O
3023,swap,O
3024,swap,O
3025,swap,O
3026,swap,O
3027,swap,O
3028,swap,O
3029,swap,O
3030,swap,O
3031,swap,O
3032,swap,O
3033,swap,O
3034,swap,O
3035,swap,O
3036,swap,O
3037,swap,O
3038,swap,O
3039,swap,O
3040,swap,O
3041,swap,O
3042,swap,O
3043,swap,O
3044,swap,O
3045,swap,O
3046,swap,O
3047,swap,O
3048,swap,O
3049,swap,O
3050,This,O
3051,usually,O
3052,meant,O
3053,that,O
3054,the,O
3055,text,O
3056,display,O
3057,could,O
3058,not,O
3059,be,O
3060,changed,O
3061,.,O
3062,swap,O
3063,swap,O
3064,swap,O
3065,swap,O
3066,swap,O
3067,swap,O
3068,swap,O
3069,swap,O
3070,swap,O
3071,swap,O
3072,swap,O
3073,swap,O
3074,swap,O
3075,swap,O
3076,swap,O
3077,swap,O
3078,swap,O
3079,swap,O
3080,swap,O
3081,swap,O
3082,swap,O
3083,swap,O
3084,swap,O
3085,swap,O
3086,swap,O
3087,swap,O
3088,swap,O
3089,swap,O
3090,swap,O
3091,swap,O
3092,swap,O
3093,swap,O
3094,swap,O
3095,swap,O
3096,swap,O
3097,swap,O
3098,swap,O
3099,swap,O
3100,This,O
3101,was,O
3102,the,O
3103,case,O
3104,for,O
3105,both,O
3106,the,O
3107,and,O
3108,adapters,B-hwc
3109,available,O
3110,with,O
3111,the,O
3112,IBM,O
3113,PC,B-sys
3114,XT,I-sys
3115,.,O
3116,swap,O
3117,swap,O
3118,swap,O
3119,swap,O
3120,swap,O
3121,swap,O
3122,swap,O
3123,swap,O
3124,swap,O
3125,swap,O
3126,swap,O
3127,swap,O
3128,swap,O
3129,swap,O
3130,swap,O
3131,swap,O
3132,swap,O
3133,swap,O
3134,swap,O
3135,swap,O
3136,swap,O
3137,swap,O
3138,swap,O
3139,swap,O
3140,swap,O
3141,swap,O
3142,swap,O
3143,swap,O
3144,swap,O
3145,swap,O
3146,swap,O
3147,swap,O
3148,swap,O
3149,swap,O
3150,The,O
3151,use,O
3152,of,O
3153,ROM,B-hwp
3154,to,O
3155,store,O
3156,such,O
3157,small,O
3158,amounts,O
3159,of,O
3160,data,B-func
3161,has,O
3162,almost,O
3163,completely,O
3164,in,O
3165,modern,O
3166,general,B-sys
3167,-,I-sys
3168,purpose,I-sys
3169,computers,I-sys
3170,.,O
3171,swap,O
3172,swap,O
3173,swap,O
3174,swap,O
3175,swap,O
3176,swap,O
3177,swap,O
3178,swap,O
3179,swap,O
3180,swap,O
3181,swap,O
3182,swap,O
3183,swap,O
3184,swap,O
3185,swap,O
3186,swap,O
3187,swap,O
3188,swap,O
3189,swap,O
3190,swap,O
3191,swap,O
3192,swap,O
3193,swap,O
3194,swap,O
3195,swap,O
3196,swap,O
3197,swap,O
3198,swap,O
3199,swap,O
3200,However,O
3201,",",O
3202,NAND,B-sys
3203,Flash,I-sys
3204,has,O
3205,taken,O
3206,over,O
3207,a,O
3208,new,O
3209,role,O
3210,as,O
3211,a,O
3212,medium,O
3213,for,O
3214,mass,O
3215,storage,O
3216,or,O
3217,secondary,B-hwc
3218,storage,I-hwc
3219,of,O
3220,files,O
3221,.,O
3222,swap,O
3223,swap,O
3224,swap,O
3225,swap,O
3226,swap,O
3227,swap,O
3228,swap,O
3229,swap,O
3230,swap,O
3231,swap,O
3232,swap,O
3233,swap,O
3234,swap,O
3235,swap,O
3236,swap,O
3237,swap,O
3238,swap,O
3239,swap,O
3240,swap,O
3241,swap,O
3242,swap,O
3243,swap,O
3244,swap,O
3245,swap,O
3246,swap,O
3247,swap,O
3248,swap,O
3249,swap,O
3250,=,O
3251,=,O
3252,Types,O
3253,=,O
3254,=,O
3255,=,O
3256,=,O
3257,=,O
3258,programmed,O
3259,=,O
3260,=,O
3261,=,O
3262,Mask,B-hwp
3263,ROM,I-hwp
3264,is,O
3265,a,O
3266,read,B-hwp
3267,-,I-hwp
3268,only,I-hwp
3269,memory,I-hwp
3270,whose,O
3271,contents,O
3272,are,O
3273,programmed,O
3274,by,O
3275,the,O
3276,integrated,O
3277,circuit,O
3278,manufacturer,O
3279,(,O
3280,rather,O
3281,than,O
3282,by,O
3283,the,O
3284,user,O
3285,),O
3286,.,O
3287,swap,O
3288,swap,O
3289,swap,O
3290,swap,O
3291,swap,O
3292,swap,O
3293,swap,O
3294,swap,O
3295,swap,O
3296,swap,O
3297,swap,O
3298,swap,O
3299,swap,O
3300,The,O
3301,desired,O
3302,memory,B-hwp
3303,contents,O
3304,are,O
3305,by,O
3306,the,O
3307,to,O
3308,the,O
3309,device,O
3310,manufacturer,O
3311,.,O
3312,swap,O
3313,swap,O
3314,swap,O
3315,swap,O
3316,swap,O
3317,swap,O
3318,swap,O
3319,swap,O
3320,swap,O
3321,swap,O
3322,swap,O
3323,swap,O
3324,swap,O
3325,swap,O
3326,swap,O
3327,swap,O
3328,swap,O
3329,swap,O
3330,swap,O
3331,swap,O
3332,swap,O
3333,swap,O
3334,swap,O
3335,swap,O
3336,swap,O
3337,swap,O
3338,swap,O
3339,swap,O
3340,swap,O
3341,swap,O
3342,swap,O
3343,swap,O
3344,swap,O
3345,swap,O
3346,swap,O
3347,swap,O
3348,swap,O
3349,swap,O
3350,The,O
3351,desired,O
3352,data,B-qt
3353,is,O
3354,converted,O
3355,into,O
3356,a,O
3357,custom,O
3358,mask,O
3359,layer,O
3360,for,O
3361,the,O
3362,final,O
3363,of,O
3364,interconnections,O
3365,on,O
3366,the,O
3367,memory,B-hwp
3368,chip,O
3369,(,O
3370,hence,O
3371,the,O
3372,name,O
3373,),O
3374,.,O
3375,swap,O
3376,swap,O
3377,swap,O
3378,swap,O
3379,swap,O
3380,swap,O
3381,swap,O
3382,swap,O
3383,swap,O
3384,swap,O
3385,swap,O
3386,swap,O
3387,swap,O
3388,swap,O
3389,swap,O
3390,swap,O
3391,swap,O
3392,swap,O
3393,swap,O
3394,swap,O
3395,swap,O
3396,swap,O
3397,swap,O
3398,swap,O
3399,swap,O
3400,It,O
3401,is,O
3402,common,O
3403,practice,O
3404,to,O
3405,use,O
3406,rewritable,O
3407,non,B-hwp
3408,-,I-hwp
3409,volatile,I-hwp
3410,memory,I-hwp
3411,–,O
3412,such,O
3413,as,O
3414,UV,B-hwp
3415,-,I-hwp
3416,EPROM,I-hwp
3417,or,O
3418,EEPROM,B-hwp
3419,–,O
3420,for,O
3421,the,O
3422,development,O
3423,phase,O
3424,of,O
3425,a,O
3426,project,O
3427,",",O
3428,and,O
3429,to,O
3430,switch,O
3431,to,O
3432,mask,O
3433,ROM,B-hwp
3434,when,O
3435,the,O
3436,code,O
3437,has,O
3438,been,O
3439,.,O
3440,swap,O
3441,swap,O
3442,swap,O
3443,swap,O
3444,swap,O
3445,swap,O
3446,swap,O
3447,swap,O
3448,swap,O
3449,swap,O
3450,For,O
3451,example,O
3452,",",O
3453,Atmel,O
3454,microcontrollers,B-comp
3455,come,O
3456,in,O
3457,both,O
3458,EEPROM,B-hwp
3459,and,O
3460,mask,O
3461,ROM,B-hwp
3462,formats,O
3463,.,O
3464,swap,O
3465,swap,O
3466,swap,O
3467,swap,O
3468,swap,O
3469,swap,O
3470,swap,O
3471,swap,O
3472,swap,O
3473,swap,O
3474,swap,O
3475,swap,O
3476,swap,O
3477,swap,O
3478,swap,O
3479,swap,O
3480,swap,O
3481,swap,O
3482,swap,O
3483,swap,O
3484,swap,O
3485,swap,O
3486,swap,O
3487,swap,O
3488,swap,O
3489,swap,O
3490,swap,O
3491,swap,O
3492,swap,O
3493,swap,O
3494,swap,O
3495,swap,O
3496,swap,O
3497,swap,O
3498,swap,O
3499,swap,O
3500,The,O
3501,main,O
3502,advantage,O
3503,of,O
3504,mask,O
3505,ROM,B-hwp
3506,is,O
3507,its,O
3508,cost,B-qt
3509,.,O
3510,swap,O
3511,swap,O
3512,swap,O
3513,swap,O
3514,swap,O
3515,swap,O
3516,swap,O
3517,swap,O
3518,swap,O
3519,swap,O
3520,swap,O
3521,swap,O
3522,swap,O
3523,swap,O
3524,swap,O
3525,swap,O
3526,swap,O
3527,swap,O
3528,swap,O
3529,swap,O
3530,swap,O
3531,swap,O
3532,swap,O
3533,swap,O
3534,swap,O
3535,swap,O
3536,swap,O
3537,swap,O
3538,swap,O
3539,swap,O
3540,swap,O
3541,swap,O
3542,swap,O
3543,swap,O
3544,swap,O
3545,swap,O
3546,swap,O
3547,swap,O
3548,swap,O
3549,swap,O
3550,bit,B-unit
3551,",",O
3552,mask,O
3553,ROM,B-hwp
3554,is,O
3555,more,O
3556,compact,O
3557,than,O
3558,any,O
3559,other,O
3560,kind,O
3561,of,O
3562,semiconductor,B-hwp
3563,memory,I-hwp
3564,.,O
3565,swap,O
3566,swap,O
3567,swap,O
3568,swap,O
3569,swap,O
3570,swap,O
3571,swap,O
3572,swap,O
3573,swap,O
3574,swap,O
3575,swap,O
3576,swap,O
3577,swap,O
3578,swap,O
3579,swap,O
3580,swap,O
3581,swap,O
3582,swap,O
3583,swap,O
3584,swap,O
3585,swap,O
3586,swap,O
3587,swap,O
3588,swap,O
3589,swap,O
3590,swap,O
3591,swap,O
3592,swap,O
3593,swap,O
3594,swap,O
3595,swap,O
3596,swap,O
3597,swap,O
3598,swap,O
3599,swap,O
3600,Since,O
3601,the,O
3602,cost,B-qt
3603,of,O
3604,an,O
3605,integrated,O
3606,circuit,O
3607,strongly,O
3608,depends,O
3609,on,O
3610,its,O
3611,size,B-qt
3612,",",O
3613,mask,O
3614,ROM,B-hwp
3615,is,O
3616,significantly,O
3617,cheaper,O
3618,than,O
3619,any,O
3620,other,O
3621,kind,O
3622,of,O
3623,semiconductor,B-hwp
3624,memory,I-hwp
3625,.,O
3626,swap,O
3627,swap,O
3628,swap,O
3629,swap,O
3630,swap,O
3631,swap,O
3632,swap,O
3633,swap,O
3634,swap,O
3635,swap,O
3636,swap,O
3637,swap,O
3638,swap,O
3639,swap,O
3640,swap,O
3641,swap,O
3642,swap,O
3643,swap,O
3644,swap,O
3645,swap,O
3646,swap,O
3647,swap,O
3648,swap,O
3649,swap,O
3650,However,O
3651,",",O
3652,the,O
3653,one,O
3654,-,O
3655,time,I-qt
3656,cost,I-qt
3657,is,O
3658,high,O
3659,and,O
3660,there,O
3661,is,O
3662,a,O
3663,long,O
3664,turn,O
3665,-,O
3666,around,O
3667,time,O
3668,from,O
3669,design,O
3670,to,O
3671,product,O
3672,phase,O
3673,.,O
3674,swap,O
3675,swap,O
3676,swap,O
3677,swap,O
3678,swap,O
3679,swap,O
3680,swap,O
3681,swap,O
3682,swap,O
3683,swap,O
3684,swap,O
3685,swap,O
3686,swap,O
3687,swap,O
3688,swap,O
3689,swap,O
3690,swap,O
3691,swap,O
3692,swap,O
3693,swap,O
3694,swap,O
3695,swap,O
3696,swap,O
3697,swap,O
3698,swap,O
3699,swap,O
3700,code,O
3701,is,O
3702,found,O
3703,",",O
3704,the,O
3705,mask,O
3706,ROM,B-hwp
3707,is,O
3708,and,O
3709,must,O
3710,be,O
3711,replaced,O
3712,in,O
3713,order,O
3714,to,O
3715,change,O
3716,the,O
3717,code,O
3718,or,O
3719,data,B-qt
3720,.,O
3721,As,O
3722,of,O
3723,2003,O
3724,",",O
3725,four,O
3726,companies,O
3727,produce,O
3728,most,O
3729,such,O
3730,mask,O
3731,ROM,B-hwp
3732,chips,O
3733,:,O
3734,Samsung,B-hwp
3735,Electronics,I-hwp
3736,",",O
3737,Corporation,O
3738,",",O
3739,",",O
3740,and,O
3741,.,O
3742,Some,O
3743,integrated,O
3744,circuits,O
3745,contain,O
3746,only,O
3747,mask,O
3748,ROM,B-hwp
3749,.,O
3750,Other,O
3751,integrated,O
3752,circuits,O
3753,contain,O
3754,mask,O
3755,ROM,B-hwp
3756,as,O
3757,well,O
3758,as,O
3759,a,O
3760,variety,O
3761,of,O
3762,other,O
3763,devices,O
3764,.,O
3765,swap,O
3766,swap,O
3767,swap,O
3768,swap,O
3769,swap,O
3770,swap,O
3771,swap,O
3772,swap,O
3773,swap,O
3774,swap,O
3775,swap,O
3776,swap,O
3777,swap,O
3778,swap,O
3779,swap,O
3780,swap,O
3781,swap,O
3782,swap,O
3783,swap,O
3784,swap,O
3785,swap,O
3786,swap,O
3787,swap,O
3788,swap,O
3789,swap,O
3790,swap,O
3791,swap,O
3792,swap,O
3793,swap,O
3794,swap,O
3795,swap,O
3796,swap,O
3797,swap,O
3798,swap,O
3799,swap,O
3800,In,O
3801,particular,O
3802,",",O
3803,many,O
3804,microprocessors,B-hwp
3805,have,O
3806,mask,O
3807,ROM,B-hwp
3808,to,O
3809,store,O
3810,their,O
3811,microcode,B-sw
3812,.,O
3813,swap,O
3814,swap,O
3815,swap,O
3816,swap,O
3817,swap,O
3818,swap,O
3819,swap,O
3820,swap,O
3821,swap,O
3822,swap,O
3823,swap,O
3824,swap,O
3825,swap,O
3826,swap,O
3827,swap,O
3828,swap,O
3829,swap,O
3830,swap,O
3831,swap,O
3832,swap,O
3833,swap,O
3834,swap,O
3835,swap,O
3836,swap,O
3837,swap,O
3838,swap,O
3839,swap,O
3840,swap,O
3841,swap,O
3842,swap,O
3843,swap,O
3844,swap,O
3845,swap,O
3846,swap,O
3847,swap,O
3848,swap,O
3849,swap,O
3850,Some,O
3851,microcontrollers,B-comp
3852,have,O
3853,mask,O
3854,ROM,B-hwp
3855,to,O
3856,store,O
3857,the,O
3858,or,O
3859,all,O
3860,of,O
3861,their,O
3862,firmware,B-sw
3863,.,O
3864,swap,O
3865,swap,O
3866,swap,O
3867,swap,O
3868,swap,O
3869,swap,O
3870,swap,O
3871,swap,O
3872,swap,O
3873,swap,O
3874,swap,O
3875,swap,O
3876,swap,O
3877,swap,O
3878,swap,O
3879,swap,O
3880,swap,O
3881,swap,O
3882,swap,O
3883,swap,O
3884,swap,O
3885,swap,O
3886,swap,O
3887,swap,O
3888,swap,O
3889,swap,O
3890,swap,O
3891,swap,O
3892,swap,O
3893,swap,O
3894,swap,O
3895,swap,O
3896,swap,O
3897,swap,O
3898,swap,O
3899,swap,O
3900,mask,B-hwp
3901,-,I-hwp
3902,programmed,I-hwp
3903,ROM,I-hwp
3904,chips,O
3905,are,O
3906,integrated,O
3907,circuits,O
3908,that,O
3909,physically,O
3910,encode,B-qt
3911,the,O
3912,data,B-qt
3913,to,O
3914,be,O
3915,stored,O
3916,",",O
3917,and,O
3918,thus,O
3919,it,O
3920,is,O
3921,impossible,O
3922,to,O
3923,change,O
3924,their,O
3925,contents,O
3926,after,O
3927,fabrication,O
3928,.,O
3929,swap,O
3930,swap,O
3931,swap,O
3932,swap,O
3933,swap,O
3934,swap,O
3935,swap,O
3936,swap,O
3937,swap,O
3938,swap,O
3939,swap,O
3940,swap,O
3941,swap,O
3942,swap,O
3943,swap,O
3944,swap,O
3945,swap,O
3946,swap,O
3947,swap,O
3948,swap,O
3949,swap,O
3950,=,O
3951,=,O
3952,=,O
3953,programmable,O
3954,=,O
3955,=,O
3956,=,O
3957,Programmable,O
3958,read,B-hwp
3959,-,I-hwp
3960,only,I-hwp
3961,memory,I-hwp
3962,(,O
3963,PROM,B-hwp
3964,),O
3965,",",O
3966,or,O
3967,one,B-hwp
3968,-,B-hwp
3969,time,I-hwp
3970,programmable,I-hwp
3971,ROM,I-hwp
3972,(,O
3973,OTP,B-func
3974,),O
3975,",",O
3976,can,O
3977,be,O
3978,written,B-func
3979,to,O
3980,or,O
3981,programmed,O
3982,via,O
3983,a,O
3984,special,O
3985,device,O
3986,called,O
3987,a,O
3988,PROM,B-hwp
3989,programmer,O
3990,.,O
3991,swap,O
3992,swap,O
3993,swap,O
3994,swap,O
3995,swap,O
3996,swap,O
3997,swap,O
3998,swap,O
3999,swap,O
4000,Typically,O
4001,",",O
4002,this,O
4003,device,O
4004,uses,O
4005,high,O
4006,voltages,B-qt
4007,to,O
4008,permanently,O
4009,or,O
4010,create,O
4011,internal,O
4012,links,O
4013,(,O
4014,or,O
4015,),O
4016,within,O
4017,the,O
4018,chip,O
4019,.,O
4020,swap,O
4021,swap,O
4022,swap,O
4023,swap,O
4024,swap,O
4025,swap,O
4026,swap,O
4027,swap,O
4028,swap,O
4029,swap,O
4030,swap,O
4031,swap,O
4032,swap,O
4033,swap,O
4034,swap,O
4035,swap,O
4036,swap,O
4037,swap,O
4038,swap,O
4039,swap,O
4040,swap,O
4041,swap,O
4042,swap,O
4043,swap,O
4044,swap,O
4045,swap,O
4046,swap,O
4047,swap,O
4048,swap,O
4049,swap,O
4050,Consequently,O
4051,",",O
4052,a,O
4053,PROM,B-hwp
4054,can,O
4055,only,O
4056,be,O
4057,programmed,O
4058,once,O
4059,.,O
4060,swap,O
4061,swap,O
4062,swap,O
4063,swap,O
4064,swap,O
4065,swap,O
4066,swap,O
4067,swap,O
4068,swap,O
4069,swap,O
4070,swap,O
4071,swap,O
4072,swap,O
4073,swap,O
4074,swap,O
4075,swap,O
4076,swap,O
4077,swap,O
4078,swap,O
4079,swap,O
4080,swap,O
4081,swap,O
4082,swap,O
4083,swap,O
4084,swap,O
4085,swap,O
4086,swap,O
4087,swap,O
4088,swap,O
4089,swap,O
4090,swap,O
4091,swap,O
4092,swap,O
4093,swap,O
4094,swap,O
4095,swap,O
4096,swap,O
4097,swap,O
4098,swap,O
4099,swap,O
4100,programmable,O
4101,read,B-hwp
4102,-,I-hwp
4103,only,I-hwp
4104,memory,I-hwp
4105,(,O
4106,EPROM,B-hwp
4107,),O
4108,can,O
4109,be,O
4110,erased,O
4111,by,O
4112,exposure,O
4113,to,O
4114,strong,O
4115,ultraviolet,O
4116,light,O
4117,(,O
4118,typically,O
4119,for,O
4120,10,B-mea
4121,minutes,B-unit
4122,or,O
4123,longer,O
4124,),O
4125,",",O
4126,then,O
4127,with,O
4128,a,O
4129,process,O
4130,that,O
4131,again,O
4132,needs,O
4133,higher,O
4134,than,O
4135,usual,B-qt
4136,voltage,B-qt
4137,applied,O
4138,.,O
4139,swap,O
4140,swap,O
4141,swap,O
4142,swap,O
4143,swap,O
4144,swap,O
4145,swap,O
4146,swap,O
4147,swap,O
4148,swap,O
4149,swap,O
4150,Repeated,O
4151,exposure,O
4152,to,O
4153,UV,O
4154,light,O
4155,will,O
4156,eventually,O
4157,wear,O
4158,out,O
4159,an,O
4160,EPROM,B-hwp
4161,",",O
4162,but,O
4163,the,O
4164,of,O
4165,most,O
4166,EPROM,B-unit
4167,chips,I-unit
4168,exceeds,O
4169,1000,B-qt
4170,cycles,B-qt
4171,of,O
4172,erasing,O
4173,and,O
4174,reprogramming,O
4175,.,O
4176,swap,O
4177,swap,O
4178,swap,O
4179,swap,O
4180,swap,O
4181,swap,O
4182,swap,O
4183,swap,O
4184,swap,O
4185,swap,O
4186,swap,O
4187,swap,O
4188,swap,O
4189,swap,O
4190,swap,O
4191,swap,O
4192,swap,O
4193,swap,O
4194,swap,O
4195,swap,O
4196,swap,O
4197,swap,O
4198,swap,O
4199,swap,O
4200,EPROM,B-hwp
4201,chip,O
4202,packages,O
4203,can,O
4204,often,O
4205,be,O
4206,identified,O
4207,by,O
4208,the,O
4209,quartz,O
4210,"""",O
4211,window,O
4212,"""",O
4213,which,O
4214,allows,O
4215,UV,O
4216,light,O
4217,to,O
4218,.,O
4219,swap,O
4220,swap,O
4221,swap,O
4222,swap,O
4223,swap,O
4224,swap,O
4225,swap,O
4226,swap,O
4227,swap,O
4228,swap,O
4229,swap,O
4230,swap,O
4231,swap,O
4232,swap,O
4233,swap,O
4234,swap,O
4235,swap,O
4236,swap,O
4237,swap,O
4238,swap,O
4239,swap,O
4240,swap,O
4241,swap,O
4242,swap,O
4243,swap,O
4244,swap,O
4245,swap,O
4246,swap,O
4247,swap,O
4248,swap,O
4249,swap,O
4250,After,O
4251,programming,O
4252,",",O
4253,the,O
4254,window,O
4255,is,O
4256,typically,O
4257,with,O
4258,a,O
4259,to,O
4260,prevent,O
4261,accidental,O
4262,erasure,O
4263,.,O
4264,swap,O
4265,swap,O
4266,swap,O
4267,swap,O
4268,swap,O
4269,swap,O
4270,swap,O
4271,swap,O
4272,swap,O
4273,swap,O
4274,swap,O
4275,swap,O
4276,swap,O
4277,swap,O
4278,swap,O
4279,swap,O
4280,swap,O
4281,swap,O
4282,swap,O
4283,swap,O
4284,swap,O
4285,swap,O
4286,swap,O
4287,swap,O
4288,swap,O
4289,swap,O
4290,swap,O
4291,swap,O
4292,swap,O
4293,swap,O
4294,swap,O
4295,swap,O
4296,swap,O
4297,swap,O
4298,swap,O
4299,swap,O
4300,Some,O
4301,EPROM,B-hwp
4302,chips,O
4303,are,O
4304,factory,O
4305,-,O
4306,erased,O
4307,before,O
4308,they,O
4309,are,O
4310,packaged,O
4311,",",O
4312,and,O
4313,include,O
4314,no,O
4315,window,O
4316,;,O
4317,these,O
4318,are,O
4319,effectively,O
4320,PROM,B-hwp
4321,.,O
4322,swap,O
4323,swap,O
4324,swap,O
4325,swap,O
4326,swap,O
4327,swap,O
4328,swap,O
4329,swap,O
4330,swap,O
4331,swap,O
4332,swap,O
4333,swap,O
4334,swap,O
4335,swap,O
4336,swap,O
4337,swap,O
4338,swap,O
4339,swap,O
4340,swap,O
4341,swap,O
4342,swap,O
4343,swap,O
4344,swap,O
4345,swap,O
4346,swap,O
4347,swap,O
4348,swap,O
4349,swap,O
4350,to,O
4351,EPROM,B-hwp
4352,",",O
4353,but,O
4354,allows,O
4355,its,O
4356,entire,O
4357,contents,O
4358,(,O
4359,or,O
4360,selected,O
4361,),O
4362,to,O
4363,be,O
4364,electrically,O
4365,erased,O
4366,",",O
4367,then,O
4368,electrically,O
4369,",",O
4370,so,O
4371,that,O
4372,they,O
4373,need,O
4374,not,O
4375,be,O
4376,removed,O
4377,from,O
4378,the,O
4379,computer,B-sys
4380,(,O
4381,whether,O
4382,general,O
4383,-,O
4384,purpose,O
4385,or,O
4386,an,O
4387,embedded,B-sys
4388,computer,I-sys
4389,in,O
4390,a,O
4391,camera,B-sys
4392,",",O
4393,MP3,B-sys
4394,player,I-sys
4395,",",O
4396,etc,O
4397,.,O
4398,),O
4399,.,O
4400,Writing,O
4401,or,O
4402,an,O
4403,EEPROM,B-hwp
4404,is,O
4405,much,O
4406,slower,O
4407,(,O
4408,milliseconds,B-unit
4409,per,I-unit
4410,bit,I-unit
4411,),O
4412,than,O
4413,reading,B-func
4414,from,O
4415,a,O
4416,ROM,B-hwp
4417,or,O
4418,writing,O
4419,to,O
4420,a,O
4421,RAM,B-hwp
4422,(,O
4423,in,O
4424,both,O
4425,cases,O
4426,),O
4427,.,O
4428,swap,O
4429,swap,O
4430,swap,O
4431,swap,O
4432,swap,O
4433,swap,O
4434,swap,O
4435,swap,O
4436,swap,O
4437,swap,O
4438,swap,O
4439,swap,O
4440,swap,O
4441,swap,O
4442,swap,O
4443,swap,O
4444,swap,O
4445,swap,O
4446,swap,O
4447,swap,O
4448,swap,O
4449,swap,O
4450,alterable,I-hwp
4451,read,I-hwp
4452,-,I-hwp
4453,only,I-hwp
4454,memory,I-hwp
4455,(,O
4456,),O
4457,is,O
4458,a,O
4459,type,O
4460,of,O
4461,EEPROM,B-hwp
4462,that,O
4463,can,O
4464,be,O
4465,modified,O
4466,one,O
4467,bit,B-unit
4468,at,O
4469,a,O
4470,time,B-qt
4471,.,O
4472,swap,O
4473,swap,O
4474,swap,O
4475,swap,O
4476,swap,O
4477,swap,O
4478,swap,O
4479,swap,O
4480,swap,O
4481,swap,O
4482,swap,O
4483,swap,O
4484,swap,O
4485,swap,O
4486,swap,O
4487,swap,O
4488,swap,O
4489,swap,O
4490,swap,O
4491,swap,O
4492,swap,O
4493,swap,O
4494,swap,O
4495,swap,O
4496,swap,O
4497,swap,O
4498,swap,O
4499,swap,O
4500,Writing,O
4501,is,O
4502,a,O
4503,very,O
4504,slow,O
4505,process,O
4506,and,O
4507,again,O
4508,needs,O
4509,higher,B-qt
4510,voltage,B-qt
4511,(,O
4512,usually,O
4513,around,O
4514,12,B-mea
4515,V,I-mea
4516,),O
4517,than,O
4518,is,O
4519,used,O
4520,for,O
4521,read,O
4522,access,O
4523,.,O
4524,swap,O
4525,swap,O
4526,swap,O
4527,swap,O
4528,swap,O
4529,swap,O
4530,swap,O
4531,swap,O
4532,swap,O
4533,swap,O
4534,swap,O
4535,swap,O
4536,swap,O
4537,swap,O
4538,swap,O
4539,swap,O
4540,swap,O
4541,swap,O
4542,swap,O
4543,swap,O
4544,swap,O
4545,swap,O
4546,swap,O
4547,swap,O
4548,swap,O
4549,swap,O
4550,are,O
4551,intended,O
4552,for,O
4553,applications,O
4554,that,O
4555,require,O
4556,and,O
4557,only,O
4558,partial,O
4559,.,O
4560,swap,O
4561,swap,O
4562,swap,O
4563,swap,O
4564,swap,O
4565,swap,O
4566,swap,O
4567,swap,O
4568,swap,O
4569,swap,O
4570,swap,O
4571,swap,O
4572,swap,O
4573,swap,O
4574,swap,O
4575,swap,O
4576,swap,O
4577,swap,O
4578,swap,O
4579,swap,O
4580,swap,O
4581,swap,O
4582,swap,O
4583,swap,O
4584,swap,O
4585,swap,O
4586,swap,O
4587,swap,O
4588,swap,O
4589,swap,O
4590,swap,O
4591,swap,O
4592,swap,O
4593,swap,O
4594,swap,O
4595,swap,O
4596,swap,O
4597,swap,O
4598,swap,O
4599,swap,O
4600,may,O
4601,be,O
4602,used,O
4603,as,O
4604,non,O
4605,-,O
4606,volatile,I-hwp
4607,storage,O
4608,for,O
4609,critical,O
4610,system,O
4611,setup,O
4612,information,O
4613,;,O
4614,in,O
4615,many,O
4616,applications,O
4617,",",O
4618,has,O
4619,been,O
4620,by,O
4621,CMOS,B-hwp
4622,RAM,I-hwp
4623,supplied,O
4624,by,O
4625,mains,O
4626,power,O
4627,and,O
4628,-,O
4629,up,O
4630,with,O
4631,a,O
4632,battery,O
4633,.,O
4634,swap,O
4635,swap,O
4636,swap,O
4637,swap,O
4638,swap,O
4639,swap,O
4640,swap,O
4641,swap,O
4642,swap,O
4643,swap,O
4644,swap,O
4645,swap,O
4646,swap,O
4647,swap,O
4648,swap,O
4649,swap,O
4650,Flash,B-hwp
4651,memory,I-hwp
4652,(,O
4653,or,O
4654,simply,O
4655,flash,O
4656,),O
4657,is,O
4658,a,O
4659,modern,O
4660,type,O
4661,of,O
4662,EEPROM,B-hwp
4663,invented,O
4664,in,O
4665,.,O
4666,swap,O
4667,swap,O
4668,swap,O
4669,swap,O
4670,swap,O
4671,swap,O
4672,swap,O
4673,swap,O
4674,swap,O
4675,swap,O
4676,swap,O
4677,swap,O
4678,swap,O
4679,swap,O
4680,swap,O
4681,swap,O
4682,swap,O
4683,swap,O
4684,swap,O
4685,swap,O
4686,swap,O
4687,swap,O
4688,swap,O
4689,swap,O
4690,swap,O
4691,swap,O
4692,swap,O
4693,swap,O
4694,swap,O
4695,swap,O
4696,swap,O
4697,swap,O
4698,swap,O
4699,swap,O
4700,Flash,B-hwp
4701,memory,I-hwp
4702,can,O
4703,be,O
4704,erased,O
4705,and,O
4706,faster,O
4707,than,O
4708,ordinary,O
4709,EEPROM,B-hwp
4710,",",O
4711,and,O
4712,newer,O
4713,designs,O
4714,feature,O
4715,very,O
4716,high,O
4717,(,O
4718,exceeding,O
4719,"1,000,000",B-qt
4720,cycles,B-qt
4721,),O
4722,.,O
4723,swap,O
4724,swap,O
4725,swap,O
4726,swap,O
4727,swap,O
4728,swap,O
4729,swap,O
4730,swap,O
4731,swap,O
4732,swap,O
4733,swap,O
4734,swap,O
4735,swap,O
4736,swap,O
4737,swap,O
4738,swap,O
4739,swap,O
4740,swap,O
4741,swap,O
4742,swap,O
4743,swap,O
4744,swap,O
4745,swap,O
4746,swap,O
4747,swap,O
4748,swap,O
4749,swap,O
4750,use,O
4751,of,O
4752,silicon,O
4753,chip,O
4754,area,O
4755,",",O
4756,resulting,O
4757,in,O
4758,individual,O
4759,ICs,O
4760,with,O
4761,a,O
4762,capacity,B-qt
4763,as,O
4764,high,O
4765,as,O
4766,32,B-mea
4767,GB,B-unit
4768,as,O
4769,of,O
4770,2007,O
4771,;,O
4772,this,O
4773,feature,O
4774,",",O
4775,along,O
4776,with,O
4777,its,O
4778,and,O
4779,physical,O
4780,durability,B-qt
4781,",",O
4782,has,O
4783,allowed,O
4784,NAND,B-hwp
4785,flash,I-hwp
4786,to,O
4787,replace,O
4788,magnetic,O
4789,in,O
4790,some,O
4791,applications,O
4792,(,O
4793,such,O
4794,as,O
4795,USB,B-hwc
4796,flash,I-hwc
4797,drives,I-hwc
4798,),O
4799,.,O
4800,called,O
4801,flash,B-hwp
4802,ROM,I-hwp
4803,or,O
4804,flash,B-hwp
4805,EEPROM,I-hwp
4806,when,O
4807,used,O
4808,as,O
4809,a,O
4810,replacement,O
4811,for,O
4812,older,O
4813,ROM,B-hwp
4814,types,O
4815,",",O
4816,but,O
4817,not,O
4818,in,O
4819,applications,O
4820,that,O
4821,take,O
4822,advantage,O
4823,of,O
4824,its,O
4825,ability,O
4826,to,O
4827,be,O
4828,modified,O
4829,quickly,O
4830,and,O
4831,frequently,O
4832,.,O
4833,By,O
4834,applying,O
4835,write,O
4836,protection,O
4837,",",O
4838,some,O
4839,types,O
4840,of,O
4841,ROMs,B-hwp
4842,may,O
4843,temporarily,O
4844,become,O
4845,read,B-hwp
4846,-,I-hwp
4847,only,I-hwp
4848,memory,I-hwp
4849,.,O
4850,=,O
4851,=,O
4852,=,O
4853,Other,O
4854,technologies,O
4855,=,O
4856,=,O
4857,=,O
4858,There,O
4859,are,O
4860,other,O
4861,types,O
4862,of,O
4863,non,B-hwp
4864,-,I-hwp
4865,volatile,I-hwp
4866,memory,I-hwp
4867,which,O
4868,are,O
4869,not,O
4870,based,O
4871,on,O
4872,solid,O
4873,-,O
4874,state,O
4875,IC,O
4876,technology,O
4877,",",O
4878,including,O
4879,:,O
4880,storage,O
4881,media,O
4882,",",O
4883,such,O
4884,CD,B-hwp
4885,-,I-hwp
4886,ROM,I-hwp
4887,which,O
4888,is,O
4889,read,B-func
4890,-,I-func
4891,only,O
4892,(,O
4893,analogous,O
4894,to,O
4895,ROM,B-hwp
4896,),O
4897,.,O
4898,swap,O
4899,swap,O
4900,CD,B-hwp
4901,-,I-sys
4902,R,O
4903,is,O
4904,Write,O
4905,Once,O
4906,Many,O
4907,(,O
4908,analogous,O
4909,to,O
4910,PROM,B-hwp
4911,),O
4912,",",O
4913,while,O
4914,CD,B-hwp
4915,-,I-hwp
4916,RW,I-hwp
4917,supports,O
4918,erase,O
4919,-,O
4920,cycles,I-qt
4921,(,O
4922,analogous,O
4923,to,O
4924,EEPROM,B-hwp
4925,),O
4926,;,O
4927,both,O
4928,are,O
4929,designed,O
4930,for,O
4931,-,O
4932,compatibility,O
4933,with,O
4934,CD,B-hwp
4935,-,I-hwp
4936,ROM,I-hwp
4937,.,O
4938,swap,O
4939,swap,O
4940,swap,O
4941,swap,O
4942,swap,O
4943,swap,O
4944,swap,O
4945,swap,O
4946,swap,O
4947,swap,O
4948,swap,O
4949,swap,O
4950,matrix,O
4951,ROM,B-hwp
4952,",",O
4953,used,O
4954,in,O
4955,small,O
4956,amounts,O
4957,in,O
4958,many,O
4959,computers,B-sys
4960,in,O
4961,the,O
4962,1960s,O
4963,as,O
4964,well,O
4965,as,O
4966,electronic,O
4967,and,O
4968,keyboard,B-hwc
4969,encoders,O
4970,for,O
4971,.,O
4972,swap,O
4973,swap,O
4974,swap,O
4975,swap,O
4976,swap,O
4977,swap,O
4978,swap,O
4979,swap,O
4980,swap,O
4981,swap,O
4982,swap,O
4983,swap,O
4984,swap,O
4985,swap,O
4986,swap,O
4987,swap,O
4988,swap,O
4989,swap,O
4990,swap,O
4991,swap,O
4992,swap,O
4993,swap,O
4994,swap,O
4995,swap,O
4996,swap,O
4997,swap,O
4998,swap,O
4999,swap,O
5000,This,O
5001,ROM,B-hwp
5002,was,O
5003,programmed,O
5004,by,O
5005,discrete,O
5006,semiconductor,O
5007,diodes,O
5008,at,O
5009,selected,O
5010,locations,O
5011,between,O
5012,a,O
5013,matrix,O
5014,of,O
5015,word,B-unit
5016,line,O
5017,and,O
5018,bit,B-unit
5019,line,O
5020,on,O
5021,a,O
5022,printed,B-hwc
5023,circuit,I-hwc
5024,board,I-hwc
5025,.,O
5026,swap,O
5027,swap,O
5028,swap,O
5029,swap,O
5030,swap,O
5031,swap,O
5032,swap,O
5033,swap,O
5034,swap,O
5035,swap,O
5036,swap,O
5037,swap,O
5038,swap,O
5039,swap,O
5040,swap,O
5041,swap,O
5042,swap,O
5043,swap,O
5044,swap,O
5045,swap,O
5046,swap,O
5047,swap,O
5048,swap,O
5049,swap,O
5050,",",O
5051,capacitor,B-hwp
5052,",",O
5053,or,O
5054,transformer,B-hwp
5055,matrix,I-hwp
5056,ROM,I-hwp
5057,",",O
5058,used,O
5059,in,O
5060,many,O
5061,computers,B-sys
5062,until,O
5063,the,O
5064,1970s,O
5065,.,O
5066,swap,O
5067,swap,O
5068,swap,O
5069,swap,O
5070,swap,O
5071,swap,O
5072,swap,O
5073,swap,O
5074,swap,O
5075,swap,O
5076,swap,O
5077,swap,O
5078,swap,O
5079,swap,O
5080,swap,O
5081,swap,O
5082,swap,O
5083,swap,O
5084,swap,O
5085,swap,O
5086,swap,O
5087,swap,O
5088,swap,O
5089,swap,O
5090,swap,O
5091,swap,O
5092,swap,O
5093,swap,O
5094,swap,O
5095,swap,O
5096,swap,O
5097,swap,O
5098,swap,O
5099,swap,O
5100,Like,O
5101,diode,B-hwp
5102,matrix,I-hwp
5103,ROM,I-hwp
5104,",",O
5105,it,O
5106,was,O
5107,programmed,O
5108,by,O
5109,placing,O
5110,components,O
5111,at,O
5112,selected,O
5113,locations,O
5114,between,O
5115,a,O
5116,matrix,O
5117,of,O
5118,word,B-qt
5119,lines,O
5120,and,O
5121,bit,B-unit
5122,lines,O
5123,.,O
5124,swap,O
5125,swap,O
5126,swap,O
5127,swap,O
5128,swap,O
5129,swap,O
5130,swap,O
5131,swap,O
5132,swap,O
5133,swap,O
5134,swap,O
5135,swap,O
5136,swap,O
5137,swap,O
5138,swap,O
5139,swap,O
5140,swap,O
5141,swap,O
5142,swap,O
5143,swap,O
5144,swap,O
5145,swap,O
5146,swap,O
5147,swap,O
5148,swap,O
5149,swap,O
5150,ENIAC,B-sys
5151,'s,O
5152,Function,B-sys
5153,were,O
5154,resistor,B-hwp
5155,matrix,I-hwp
5156,ROM,I-hwp
5157,",",O
5158,programmed,O
5159,by,O
5160,manually,O
5161,setting,O
5162,rotary,O
5163,switches,O
5164,.,O
5165,swap,O
5166,swap,O
5167,swap,O
5168,swap,O
5169,swap,O
5170,swap,O
5171,swap,O
5172,swap,O
5173,swap,O
5174,swap,O
5175,swap,O
5176,swap,O
5177,swap,O
5178,swap,O
5179,swap,O
5180,swap,O
5181,swap,O
5182,swap,O
5183,swap,O
5184,swap,O
5185,swap,O
5186,swap,O
5187,swap,O
5188,swap,O
5189,swap,O
5190,swap,O
5191,swap,O
5192,swap,O
5193,swap,O
5194,swap,O
5195,swap,O
5196,swap,O
5197,swap,O
5198,swap,O
5199,swap,O
5200,peripheral,B-hwp
5201,devices,O
5202,stored,O
5203,their,O
5204,microcode,B-sw
5205,in,O
5206,either,O
5207,capacitor,B-hwp
5208,(,O
5209,called,O
5210,for,O
5211,capacitor,B-hwp
5212,read,I-comp
5213,-,I-comp
5214,only,I-comp
5215,storage,I-comp
5216,on,O
5217,the,O
5218,and,O
5219,",",O
5220,or,O
5221,for,O
5222,card,O
5223,capacitor,B-comp
5224,read,I-comp
5225,-,I-comp
5226,only,O
5227,storage,O
5228,on,O
5229,the,O
5230,),O
5231,or,O
5232,transformer,B-hwc
5233,(,O
5234,called,O
5235,for,O
5236,transformer,B-hwc
5237,read,I-hwc
5238,-,I-hwc
5239,only,O
5240,storage,I-hwc
5241,on,O
5242,the,O
5243,",",O
5244,and,O
5245,others,O
5246,),O
5247,matrix,B-hwp
5248,ROM,I-hwp
5249,.,O
5250,",",O
5251,a,O
5252,form,O
5253,of,O
5254,transformer,B-hwp
5255,matrix,I-hwp
5256,ROM,B-hwp
5257,technology,I-hwp
5258,used,O
5259,where,O
5260,size,B-qt
5261,and,O
5262,weight,O
5263,were,O
5264,critical,O
5265,.,O
5266,swap,O
5267,swap,O
5268,swap,O
5269,swap,O
5270,swap,O
5271,swap,O
5272,swap,O
5273,swap,O
5274,swap,O
5275,swap,O
5276,swap,O
5277,swap,O
5278,swap,O
5279,swap,O
5280,swap,O
5281,swap,O
5282,swap,O
5283,swap,O
5284,swap,O
5285,swap,O
5286,swap,O
5287,swap,O
5288,swap,O
5289,swap,O
5290,swap,O
5291,swap,O
5292,swap,O
5293,swap,O
5294,swap,O
5295,swap,O
5296,swap,O
5297,swap,O
5298,swap,O
5299,swap,O
5300,This,O
5301,was,O
5302,used,O
5303,in,O
5304,NASA,O
5305,/,O
5306,'s,O
5307,Apollo,O
5308,Computers,O
5309,",",O
5310,DEC,O
5311,'s,O
5312,PDP-8,B-sys
5313,computers,I-sys
5314,",",O
5315,the,O
5316,-,O
5317,calculator,O
5318,",",O
5319,and,O
5320,other,O
5321,places,O
5322,.,O
5323,swap,O
5324,swap,O
5325,swap,O
5326,swap,O
5327,swap,O
5328,swap,O
5329,swap,O
5330,swap,O
5331,swap,O
5332,swap,O
5333,swap,O
5334,swap,O
5335,swap,O
5336,swap,O
5337,swap,O
5338,swap,O
5339,swap,O
5340,swap,O
5341,swap,O
5342,swap,O
5343,swap,O
5344,swap,O
5345,swap,O
5346,swap,O
5347,swap,O
5348,swap,O
5349,swap,O
5350,This,O
5351,type,O
5352,of,O
5353,ROM,B-hwp
5354,was,O
5355,programmed,O
5356,by,O
5357,hand,O
5358,by,O
5359,"""",O
5360,word,B-qt
5361,line,O
5362,wires,O
5363,"""",O
5364,inside,O
5365,or,O
5366,outside,O
5367,of,O
5368,transformer,B-hwc
5369,cores,O
5370,.,O
5371,swap,O
5372,swap,O
5373,swap,O
5374,swap,O
5375,swap,O
5376,swap,O
5377,swap,O
5378,swap,O
5379,swap,O
5380,swap,O
5381,swap,O
5382,swap,O
5383,swap,O
5384,swap,O
5385,swap,O
5386,swap,O
5387,swap,O
5388,swap,O
5389,swap,O
5390,swap,O
5391,swap,O
5392,swap,O
5393,swap,O
5394,swap,O
5395,swap,O
5396,swap,O
5397,swap,O
5398,swap,O
5399,swap,O
5400,stores,O
5401,",",O
5402,in,O
5403,which,O
5404,wires,O
5405,are,O
5406,threaded,O
5407,through,O
5408,a,O
5409,sequence,O
5410,of,O
5411,large,O
5412,rings,O
5413,that,O
5414,function,O
5415,only,O
5416,as,O
5417,sensing,B-hwsp
5418,devices,I-hwp
5419,.,O
5420,swap,O
5421,swap,O
5422,swap,O
5423,swap,O
5424,swap,O
5425,swap,O
5426,swap,O
5427,swap,O
5428,swap,O
5429,swap,O
5430,swap,O
5431,swap,O
5432,swap,O
5433,swap,O
5434,swap,O
5435,swap,O
5436,swap,O
5437,swap,O
5438,swap,O
5439,swap,O
5440,swap,O
5441,swap,O
5442,swap,O
5443,swap,O
5444,swap,O
5445,swap,O
5446,swap,O
5447,swap,O
5448,swap,O
5449,swap,O
5450,These,O
5451,were,O
5452,used,O
5453,in,O
5454,telephone,O
5455,exchanges,O
5456,.,O
5457,swap,O
5458,swap,O
5459,swap,O
5460,swap,O
5461,swap,O
5462,swap,O
5463,swap,O
5464,swap,O
5465,swap,O
5466,swap,O
5467,swap,O
5468,swap,O
5469,swap,O
5470,swap,O
5471,swap,O
5472,swap,O
5473,swap,O
5474,swap,O
5475,swap,O
5476,swap,O
5477,swap,O
5478,swap,O
5479,swap,O
5480,swap,O
5481,swap,O
5482,swap,O
5483,swap,O
5484,swap,O
5485,swap,O
5486,swap,O
5487,swap,O
5488,swap,O
5489,swap,O
5490,swap,O
5491,swap,O
5492,swap,O
5493,swap,O
5494,swap,O
5495,swap,O
5496,swap,O
5497,swap,O
5498,swap,O
5499,swap,O
5500,=,O
5501,=,O
5502,Speed,O
5503,=,O
5504,=,O
5505,Although,O
5506,the,O
5507,relative,O
5508,speed,B-qt
5509,of,O
5510,RAM,B-hwp
5511,vs.,O
5512,ROM,B-hwp
5513,has,O
5514,varied,O
5515,over,O
5516,time,B-qt
5517,",",O
5518,as,O
5519,of,O
5520,2007,O
5521,large,O
5522,RAM,B-qt
5523,chips,I-qt
5524,can,O
5525,be,O
5526,read,O
5527,faster,O
5528,than,O
5529,most,O
5530,ROMs,B-hwp
5531,.,O
5532,swap,O
5533,swap,O
5534,swap,O
5535,swap,O
5536,swap,O
5537,swap,O
5538,swap,O
5539,swap,O
5540,swap,O
5541,swap,O
5542,swap,O
5543,swap,O
5544,swap,O
5545,swap,O
5546,swap,O
5547,swap,O
5548,swap,O
5549,swap,O
5550,For,O
5551,this,O
5552,reason,O
5553,(,O
5554,and,O
5555,to,O
5556,allow,O
5557,uniform,O
5558,access,O
5559,),O
5560,",",O
5561,ROM,B-hwp
5562,content,O
5563,is,O
5564,sometimes,O
5565,copied,O
5566,to,O
5567,RAM,B-hwp
5568,or,O
5569,shadowed,O
5570,before,O
5571,its,O
5572,first,O
5573,use,O
5574,",",O
5575,and,O
5576,subsequently,O
5577,read,B-func
5578,from,O
5579,RAM,B-hwp
5580,.,O
5581,swap,O
5582,swap,O
5583,swap,O
5584,swap,O
5585,swap,O
5586,swap,O
5587,swap,O
5588,swap,O
5589,swap,O
5590,swap,O
5591,swap,O
5592,swap,O
5593,swap,O
5594,swap,O
5595,swap,O
5596,swap,O
5597,swap,O
5598,swap,O
5599,swap,O
5600,Writing,O
5601,=,O
5602,=,O
5603,=,O
5604,For,O
5605,those,O
5606,types,O
5607,of,O
5608,ROM,B-hwp
5609,that,O
5610,can,O
5611,be,O
5612,electrically,O
5613,modified,O
5614,",",O
5615,writing,B-qt
5616,speed,I-qt
5617,has,O
5618,traditionally,O
5619,been,O
5620,much,O
5621,slower,O
5622,than,O
5623,reading,B-qt
5624,speed,I-qt
5625,",",O
5626,and,O
5627,it,O
5628,may,O
5629,need,O
5630,high,B-qt
5631,voltage,I-qt
5632,",",O
5633,the,O
5634,movement,O
5635,of,O
5636,plugs,O
5637,to,O
5638,apply,O
5639,write,O
5640,-,O
5641,enable,O
5642,signals,O
5643,",",O
5644,and,O
5645,special,O
5646,/,O
5647,command,O
5648,codes,O
5649,.,O
5650,Modern,O
5651,NAND,B-sw
5652,Flash,I-hwp
5653,achieves,O
5654,the,O
5655,highest,O
5656,write,B-qt
5657,speeds,I-qt
5658,of,O
5659,any,O
5660,rewritable,O
5661,ROM,B-hwp
5662,technology,I-qt
5663,",",O
5664,with,O
5665,speeds,B-qt
5666,as,O
5667,high,O
5668,as,O
5669,10,B-mea
5670,GB,B-unit
5671,/,I-unit
5672,s.,I-unit
5673,swap,O
5674,swap,O
5675,swap,O
5676,swap,O
5677,swap,O
5678,swap,O
5679,swap,O
5680,swap,O
5681,swap,O
5682,swap,O
5683,swap,O
5684,swap,O
5685,swap,O
5686,swap,O
5687,swap,O
5688,swap,O
5689,swap,O
5690,swap,O
5691,swap,O
5692,swap,O
5693,swap,O
5694,swap,O
5695,swap,O
5696,swap,O
5697,swap,O
5698,swap,O
5699,swap,O
5700,This,O
5701,has,O
5702,been,O
5703,enabled,O
5704,by,O
5705,the,O
5706,increased,O
5707,in,O
5708,both,O
5709,consumer,O
5710,and,O
5711,enterprise,O
5712,solid,I-hwc
5713,state,I-hwc
5714,drives,I-hwc
5715,and,O
5716,flash,B-hwp
5717,memory,I-hwp
5718,products,O
5719,for,O
5720,higher,O
5721,end,O
5722,mobile,B-sys
5723,devices,I-sys
5724,.,O
5725,swap,O
5726,swap,O
5727,swap,O
5728,swap,O
5729,swap,O
5730,swap,O
5731,swap,O
5732,swap,O
5733,swap,O
5734,swap,O
5735,swap,O
5736,swap,O
5737,swap,O
5738,swap,O
5739,swap,O
5740,swap,O
5741,swap,O
5742,swap,O
5743,swap,O
5744,swap,O
5745,swap,O
5746,swap,O
5747,swap,O
5748,swap,O
5749,swap,O
5750,On,O
5751,a,O
5752,technical,O
5753,level,O
5754,the,O
5755,gains,O
5756,have,O
5757,been,O
5758,achieved,O
5759,by,O
5760,increasing,O
5761,parallelism,O
5762,both,O
5763,in,O
5764,controller,B-comp
5765,design,O
5766,and,O
5767,of,O
5768,storage,O
5769,",",O
5770,the,O
5771,use,O
5772,of,O
5773,large,O
5774,DRAM,B-hwsp
5775,read,I-hwsp
5776,/,I-hwsp
5777,write,I-hwsp
5778,caches,I-hwsp
5779,and,O
5780,the,O
5781,implementation,O
5782,of,O
5783,memory,O
5784,cells,O
5785,which,O
5786,can,O
5787,store,O
5788,more,O
5789,than,O
5790,one,O
5791,bit,B-unit
5792,(,O
5793,",",O
5794,and,O
5795,),O
5796,.,O
5797,swap,O
5798,swap,O
5799,swap,O
5800,The,O
5801,latter,O
5802,approach,O
5803,is,O
5804,more,O
5805,failure,O
5806,but,O
5807,this,O
5808,has,O
5809,been,O
5810,largely,O
5811,mitigated,O
5812,by,O
5813,(,O
5814,the,O
5815,inclusion,O
5816,of,O
5817,spare,O
5818,capacity,O
5819,in,O
5820,a,O
5821,product,O
5822,which,O
5823,is,O
5824,visible,O
5825,only,O
5826,to,O
5827,the,O
5828,drive,O
5829,controller,O
5830,),O
5831,and,O
5832,by,O
5833,increasingly,O
5834,sophisticated,O
5835,read,O
5836,/,O
5837,write,O
5838,algorithms,O
5839,in,O
5840,drive,B-sys
5841,firmware,I-sw
5842,.,O
5843,swap,O
5844,swap,O
5845,swap,O
5846,swap,O
5847,swap,O
5848,swap,O
5849,swap,O
5850,=,O
5851,=,O
5852,and,O
5853,data,B-qt
5854,=,O
5855,=,O
5856,Because,O
5857,they,O
5858,are,O
5859,written,O
5860,by,O
5861,forcing,O
5862,through,O
5863,a,O
5864,layer,O
5865,of,O
5866,electrical,O
5867,insulation,O
5868,onto,O
5869,a,O
5870,floating,O
5871,transistor,O
5872,gate,O
5873,",",O
5874,ROMs,B-hwp
5875,can,O
5876,withstand,O
5877,only,O
5878,a,O
5879,limited,O
5880,number,O
5881,of,O
5882,write,B-qt
5883,and,O
5884,erase,O
5885,cycles,B-qt
5886,before,O
5887,the,O
5888,insulation,O
5889,is,O
5890,permanently,O
5891,damaged,O
5892,.,O
5893,swap,O
5894,swap,O
5895,swap,O
5896,swap,O
5897,swap,O
5898,swap,O
5899,swap,O
5900,In,O
5901,the,O
5902,earliest,O
5903,",",O
5904,this,O
5905,might,O
5906,occur,O
5907,after,O
5908,as,O
5909,few,O
5910,as,O
5911,"1,000",O
5912,write,B-qt
5913,cycles,I-qt
5914,",",O
5915,while,O
5916,in,O
5917,modern,O
5918,Flash,B-hwp
5919,EEPROM,I-hwp
5920,the,O
5921,may,O
5922,exceed,O
5923,"1,000,000",O
5924,.,O
5925,swap,O
5926,swap,O
5927,swap,O
5928,swap,O
5929,swap,O
5930,swap,O
5931,swap,O
5932,swap,O
5933,swap,O
5934,swap,O
5935,swap,O
5936,swap,O
5937,swap,O
5938,swap,O
5939,swap,O
5940,swap,O
5941,swap,O
5942,swap,O
5943,swap,O
5944,swap,O
5945,swap,O
5946,swap,O
5947,swap,O
5948,swap,O
5949,swap,O
5950,The,O
5951,limited,O
5952,",",O
5953,as,O
5954,well,O
5955,as,O
5956,the,O
5957,higher,O
5958,cost,B-qt
5959,per,I-qt
5960,bit,I-qt
5961,",",O
5962,means,O
5963,that,O
5964,Flash,B-hwp
5965,-,I-hwp
5966,based,O
5967,storage,O
5968,is,O
5969,to,O
5970,completely,O
5971,magnetic,B-hwc
5972,disk,I-hwc
5973,drives,I-hwc
5974,in,O
5975,the,O
5976,near,O
5977,future,O
5978,.,O
5979,The,O
5980,over,O
5981,which,O
5982,a,O
5983,ROM,B-hwp
5984,remains,O
5985,accurately,O
5986,readable,O
5987,is,O
5988,not,O
5989,limited,O
5990,by,O
5991,write,O
5992,.,O
5993,swap,O
5994,swap,O
5995,swap,O
5996,swap,O
5997,swap,O
5998,swap,O
5999,swap,O
6000,The,O
6001,data,B-qt
6002,of,O
6003,EPROM,B-hwp
6004,",",O
6005,",",O
6006,EEPROM,B-hwp
6007,",",O
6008,and,O
6009,Flash,B-func
6010,may,O
6011,be,O
6012,time,B-func
6013,-,I-func
6014,limited,I-func
6015,by,O
6016,charge,B-func
6017,from,O
6018,the,O
6019,floating,O
6020,gates,O
6021,of,O
6022,the,O
6023,memory,O
6024,cell,O
6025,transistors,O
6026,.,O
6027,swap,O
6028,swap,O
6029,swap,O
6030,swap,O
6031,swap,O
6032,swap,O
6033,swap,O
6034,swap,O
6035,swap,O
6036,swap,O
6037,swap,O
6038,swap,O
6039,swap,O
6040,swap,O
6041,swap,O
6042,swap,O
6043,swap,O
6044,swap,O
6045,swap,O
6046,swap,O
6047,swap,O
6048,swap,O
6049,swap,O
6050,Early,B-sys
6051,generation,I-sys
6052,EEPROM,I-sys
6053,'s,O
6054,",",O
6055,in,O
6056,the,O
6057,mid,O
6058,1980,O
6059,'s,O
6060,generally,O
6061,5,O
6062,or,O
6063,6,O
6064,year,O
6065,data,B-qt
6066,.,O
6067,swap,O
6068,swap,O
6069,swap,O
6070,swap,O
6071,swap,O
6072,swap,O
6073,swap,O
6074,swap,O
6075,swap,O
6076,swap,O
6077,swap,O
6078,swap,O
6079,swap,O
6080,swap,O
6081,swap,O
6082,swap,O
6083,swap,O
6084,swap,O
6085,swap,O
6086,swap,O
6087,swap,O
6088,swap,O
6089,swap,O
6090,swap,O
6091,swap,O
6092,swap,O
6093,swap,O
6094,swap,O
6095,swap,O
6096,swap,O
6097,swap,O
6098,swap,O
6099,swap,O
6100,A,O
6101,of,O
6102,EEPROM,B-hwp
6103,'s,O
6104,offered,O
6105,in,O
6106,the,O
6107,year,O
6108,2020,O
6109,manufacturers,O
6110,100,O
6111,year,O
6112,data,B-qt
6113,.,O
6114,swap,O
6115,swap,O
6116,swap,O
6117,swap,O
6118,swap,O
6119,swap,O
6120,swap,O
6121,swap,O
6122,swap,O
6123,swap,O
6124,swap,O
6125,swap,O
6126,swap,O
6127,swap,O
6128,swap,O
6129,swap,O
6130,swap,O
6131,swap,O
6132,swap,O
6133,swap,O
6134,swap,O
6135,swap,O
6136,swap,O
6137,swap,O
6138,swap,O
6139,swap,O
6140,swap,O
6141,swap,O
6142,swap,O
6143,swap,O
6144,swap,O
6145,swap,O
6146,swap,O
6147,swap,O
6148,swap,O
6149,swap,O
6150,environments,O
6151,will,O
6152,reduce,O
6153,the,O
6154,time,B-qt
6155,(,O
6156,leakage,B-qt
6157,is,O
6158,accelerated,O
6159,by,O
6160,high,O
6161,temperatures,B-qt
6162,or,O
6163,),O
6164,.,O
6165,swap,O
6166,swap,O
6167,swap,O
6168,swap,O
6169,swap,O
6170,swap,O
6171,swap,O
6172,swap,O
6173,swap,O
6174,swap,O
6175,swap,O
6176,swap,O
6177,swap,O
6178,swap,O
6179,swap,O
6180,swap,O
6181,swap,O
6182,swap,O
6183,swap,O
6184,swap,O
6185,swap,O
6186,swap,O
6187,swap,O
6188,swap,O
6189,swap,O
6190,swap,O
6191,swap,O
6192,swap,O
6193,swap,O
6194,swap,O
6195,swap,O
6196,swap,O
6197,swap,O
6198,swap,O
6199,swap,O
6200,ROM,B-hwp
6201,and,O
6202,/,B-hwp
6203,PROM,I-hwp
6204,do,O
6205,not,O
6206,suffer,O
6207,from,O
6208,this,O
6209,effect,O
6210,",",O
6211,as,O
6212,their,O
6213,data,B-qt
6214,depends,O
6215,on,O
6216,physical,O
6217,rather,O
6218,than,O
6219,electrical,O
6220,of,O
6221,the,O
6222,integrated,O
6223,circuit,O
6224,",",O
6225,although,O
6226,re,O
6227,-,O
6228,growth,O
6229,was,O
6230,once,O
6231,a,O
6232,problem,O
6233,in,O
6234,some,O
6235,systems,O
6236,.,O
6237,swap,O
6238,swap,O
6239,swap,O
6240,swap,O
6241,swap,O
6242,swap,O
6243,swap,O
6244,swap,O
6245,swap,O
6246,swap,O
6247,swap,O
6248,swap,O
6249,swap,O
6250,=,O
6251,=,O
6252,Content,O
6253,images,O
6254,=,O
6255,=,O
6256,The,O
6257,contents,O
6258,of,O
6259,ROM,B-hwp
6260,chips,O
6261,can,O
6262,be,O
6263,with,O
6264,special,O
6265,hardware,O
6266,devices,O
6267,and,O
6268,relevant,O
6269,controlling,O
6270,software,O
6271,.,O
6272,swap,O
6273,swap,O
6274,swap,O
6275,swap,O
6276,swap,O
6277,swap,O
6278,swap,O
6279,swap,O
6280,swap,O
6281,swap,O
6282,swap,O
6283,swap,O
6284,swap,O
6285,swap,O
6286,swap,O
6287,swap,O
6288,swap,O
6289,swap,O
6290,swap,O
6291,swap,O
6292,swap,O
6293,swap,O
6294,swap,O
6295,swap,O
6296,swap,O
6297,swap,O
6298,swap,O
6299,swap,O
6300,This,O
6301,practice,O
6302,is,O
6303,common,O
6304,for,O
6305,",",O
6306,as,O
6307,a,O
6308,main,O
6309,example,O
6310,",",O
6311,reading,O
6312,the,O
6313,contents,O
6314,of,O
6315,older,O
6316,video,O
6317,game,O
6318,console,O
6319,.,O
6320,swap,O
6321,swap,O
6322,swap,O
6323,swap,O
6324,swap,O
6325,swap,O
6326,swap,O
6327,swap,O
6328,swap,O
6329,swap,O
6330,swap,O
6331,swap,O
6332,swap,O
6333,swap,O
6334,swap,O
6335,swap,O
6336,swap,O
6337,swap,O
6338,swap,O
6339,swap,O
6340,swap,O
6341,swap,O
6342,swap,O
6343,swap,O
6344,swap,O
6345,swap,O
6346,swap,O
6347,swap,O
6348,swap,O
6349,swap,O
6350,Another,O
6351,example,O
6352,is,O
6353,making,O
6354,of,O
6355,firmware,B-sw
6356,/,I-hwp
6357,OS,O
6358,ROMs,B-hwp
6359,from,O
6360,older,O
6361,computers,B-sys
6362,or,O
6363,other,O
6364,devices,B-sys
6365,-,O
6366,for,O
6367,purposes,O
6368,",",O
6369,as,O
6370,in,O
6371,many,O
6372,cases,O
6373,",",O
6374,the,O
6375,original,O
6376,chips,O
6377,are,O
6378,and,O
6379,thus,O
6380,at,O
6381,risk,O
6382,of,O
6383,exceeding,O
6384,their,O
6385,usable,B-qt
6386,data,B-qt
6387,lifetime,O
6388,.,O
6389,swap,O
6390,swap,O
6391,swap,O
6392,swap,O
6393,swap,O
6394,swap,O
6395,swap,O
6396,swap,O
6397,swap,O
6398,swap,O
6399,swap,O
6400,The,O
6401,memory,O
6402,files,O
6403,are,O
6404,known,O
6405,as,O
6406,ROM,B-hwp
6407,images,I-hwp
6408,or,O
6409,ROMs,B-hwp
6410,",",O
6411,and,O
6412,can,O
6413,be,O
6414,used,O
6415,to,O
6416,produce,O
6417,duplicate,B-hwp
6418,ROMs,B-hwp
6419,-,I-hwp
6420,for,O
6421,example,O
6422,to,O
6423,produce,O
6424,new,O
6425,or,O
6426,as,O
6427,digital,O
6428,files,O
6429,for,O
6430,in,O
6431,console,O
6432,.,O
6433,swap,O
6434,swap,O
6435,swap,O
6436,swap,O
6437,swap,O
6438,swap,O
6439,swap,O
6440,swap,O
6441,swap,O
6442,swap,O
6443,swap,O
6444,swap,O
6445,swap,O
6446,swap,O
6447,swap,O
6448,swap,O
6449,swap,O
6450,The,O
6451,term,O
6452,ROM,B-hwp
6453,image,I-func
6454,originated,O
6455,when,O
6456,most,O
6457,console,O
6458,games,O
6459,were,O
6460,distributed,O
6461,on,O
6462,containing,O
6463,ROM,O
6464,chips,O
6465,",",O
6466,but,O
6467,achieved,O
6468,such,O
6469,widespread,O
6470,usage,O
6471,that,O
6472,it,O
6473,is,O
6474,still,O
6475,applied,O
6476,to,O
6477,images,O
6478,of,O
6479,newer,O
6480,games,O
6481,distributed,O
6482,on,O
6483,CD,B-hwp
6484,-,O
6485,ROMs,B-hwp
6486,or,O
6487,other,O
6488,optical,O
6489,media,O
6490,.,O
6491,swap,O
6492,swap,O
6493,swap,O
6494,swap,O
6495,swap,O
6496,swap,O
6497,swap,O
6498,swap,O
6499,swap,O
6500,ROM,B-hwp
6501,images,O
6502,of,O
6503,commercial,O
6504,games,O
6505,",",O
6506,firmware,B-sw
6507,",",O
6508,etc,O
6509,.,O
6510,swap,O
6511,swap,O
6512,swap,O
6513,swap,O
6514,swap,O
6515,swap,O
6516,swap,O
6517,swap,O
6518,swap,O
6519,swap,O
6520,swap,O
6521,swap,O
6522,swap,O
6523,swap,O
6524,swap,O
6525,swap,O
6526,swap,O
6527,swap,O
6528,swap,O
6529,swap,O
6530,swap,O
6531,swap,O
6532,swap,O
6533,swap,O
6534,swap,O
6535,swap,O
6536,swap,O
6537,swap,O
6538,swap,O
6539,swap,O
6540,swap,O
6541,swap,O
6542,swap,O
6543,swap,O
6544,swap,O
6545,swap,O
6546,swap,O
6547,swap,O
6548,swap,O
6549,swap,O
6550,usually,O
6551,contain,O
6552,software,O
6553,.,O
6554,swap,O
6555,swap,O
6556,swap,O
6557,swap,O
6558,swap,O
6559,swap,O
6560,swap,O
6561,swap,O
6562,swap,O
6563,swap,O
6564,swap,O
6565,swap,O
6566,swap,O
6567,swap,O
6568,swap,O
6569,swap,O
6570,swap,O
6571,swap,O
6572,swap,O
6573,swap,O
6574,swap,O
6575,swap,O
6576,swap,O
6577,swap,O
6578,swap,O
6579,swap,O
6580,swap,O
6581,swap,O
6582,swap,O
6583,swap,O
6584,swap,O
6585,swap,O
6586,swap,O
6587,swap,O
6588,swap,O
6589,swap,O
6590,swap,O
6591,swap,O
6592,swap,O
6593,swap,O
6594,swap,O
6595,swap,O
6596,swap,O
6597,swap,O
6598,swap,O
6599,swap,O
6600,The,O
6601,unauthorized,O
6602,and,O
6603,distribution,O
6604,of,O
6605,software,O
6606,is,O
6607,a,O
6608,of,O
6609,laws,O
6610,in,O
6611,many,O
6612,",",O
6613,although,O
6614,for,O
6615,backup,B-func
6616,purposes,O
6617,may,O
6618,be,O
6619,considered,O
6620,use,O
6621,depending,O
6622,on,O
6623,location,O
6624,.,O
6625,swap,O
6626,swap,O
6627,swap,O
6628,swap,O
6629,swap,O
6630,swap,O
6631,swap,O
6632,swap,O
6633,swap,O
6634,swap,O
6635,swap,O
6636,swap,O
6637,swap,O
6638,swap,O
6639,swap,O
6640,swap,O
6641,swap,O
6642,swap,O
6643,swap,O
6644,swap,O
6645,swap,O
6646,swap,O
6647,swap,O
6648,swap,O
6649,swap,O
6650,In,O
6651,any,O
6652,case,O
6653,",",O
6654,there,O
6655,is,O
6656,a,O
6657,in,O
6658,the,O
6659,distribution,O
6660,and,O
6661,trading,O
6662,of,O
6663,such,O
6664,software,O
6665,and,O
6666,for,O
6667,/,O
6668,sharing,O
6669,purposes,O
6670,.,O
6671,swap,O
6672,swap,O
6673,swap,O
6674,swap,O
6675,swap,O
6676,swap,O
6677,swap,O
6678,swap,O
6679,swap,O
6680,swap,O
6681,swap,O
6682,swap,O
6683,swap,O
6684,swap,O
6685,swap,O
6686,swap,O
6687,swap,O
6688,swap,O
6689,swap,O
6690,swap,O
6691,swap,O
6692,swap,O
6693,swap,O
6694,swap,O
6695,swap,O
6696,swap,O
6697,swap,O
6698,swap,O
6699,swap,O
6700,=,O
6701,=,O
6702,Timeline,O
6703,=,O
6704,=,O
6705,=,O
6706,=,O
6707,See,O
6708,also,O
6709,=,O
6710,=,O
6711,Flash,B-hwp
6712,memory,I-hwp
6713,Random,I-hwp
6714,access,I-hwp
6715,memory,I-hwp
6716,-,I-hwp
6717,mostly,O
6718,memory,B-hwp
6719,(,O
6720,),O
6721,Write,B-hwp
6722,-,I-hwp
6723,only,I-hwp
6724,memory,I-hwp
6725,=,O
6726,=,O
6727,=,O
6728,=,O
6729,=,O
6730,=,O
6731,=,O
6732,=,O
6733,swap,O
6734,swap,O
6735,swap,O
6736,swap,O
6737,swap,O
6738,swap,O
6739,swap,O
6740,swap,O
6741,swap,O
6742,swap,O
6743,swap,O
6744,swap,O
6745,swap,O
6746,swap,O
6747,swap,O
6748,swap,O
6749,swap,O
